slug,code,name,description,is_active
dep001,DEP001,Administration,School Administration,1
dep002,DEP002,Academics,Academic Operations,1
dep003,DEP003,Primary Section,Primary School Department,1
dep004,DEP004,Middle Section,Middle School Department,1
dep005,DEP005,Secondary Section,Secondary School Department,1
dep006,DEP006,Senior Secondary Section,Senior Secondary Department,1
dep007,DEP007,Mathematics,Mathematics Department,1
dep008,DEP008,Science,Science Department,1
dep009,DEP009,Computer Science,Computer Science Department,1
dep010,DEP010,English,English Department,1
dep011,DEP011,Hindi,Hindi Department,1
dep012,DEP012,Social Science,Social Science Department,1
dep013,DEP013,Commerce,Commerce Department,1
dep014,DEP014,Arts,Arts Department,1
dep015,DEP015,Physical Education,Sports and Physical Education,1
dep016,DEP016,Library,Library Services,1
dep017,DEP017,Examinations,Examination Cell,1
dep018,DEP018,Student Affairs,Student Welfare and Affairs,1
dep019,DEP019,Admissions,Admissions Department,1
dep020,DEP020,Finance,Accounts and Finance,1
dep021,DEP021,Human Resources,Human Resource Management,1
dep022,DEP022,IT Services,Information Technology Services,1
dep023,DEP023,Transport,Transport Management,1
dep024,DEP024,Hostel,Hostel Administration,1
dep025,DEP025,Security,Campus Security Department,1
