slug,person_id,school_id,department_id,designation_id,employee_code,joining_date,relieving_date,is_current
emp000001,352,27,9,22,EMP000001,2020-07-01,,True
emp000002,884,27,3,2,EMP000002,2016-05-25,,True
emp000003,841,45,3,23,EMP000003,2017-08-07,,True
emp000004,864,48,9,38,EMP000004,2020-01-13,,True
emp000005,82,33,8,7,EMP000005,2021-08-01,,True
emp000006,773,43,9,6,EMP000006,2022-05-28,,True
emp000007,668,46,2,25,EMP000007,2025-03-05,2026-06-24,False
emp000008,750,45,7,36,EMP000008,2026-12-06,,True
emp000009,795,44,5,6,EMP000009,2021-04-13,,True
emp000010,253,41,6,39,EMP000010,2022-12-13,,True
emp000011,501,42,1,39,EMP000011,2015-02-09,,True
emp000012,540,46,7,16,EMP000012,2018-08-10,,True
emp000013,113,44,2,16,EMP000013,2023-06-22,,True
emp000014,209,38,1,26,EMP000014,2022-07-28,,True
emp000015,605,49,5,22,EMP000015,2024-04-20,,True
emp000016,793,39,7,7,EMP000016,2024-10-25,,True
emp000017,560,30,4,36,EMP000017,2023-09-03,,True
emp000018,818,37,1,28,EMP000018,2020-02-12,,True
emp000019,147,31,8,3,EMP000019,2020-06-02,2022-01-27,False
emp000020,287,48,7,39,EMP000020,2020-04-01,,True
emp000021,245,31,8,28,EMP000021,2025-08-10,,True
emp000022,166,45,5,18,EMP000022,2018-05-16,,True
emp000023,755,28,8,20,EMP000023,2021-12-21,2022-11-03,False
emp000024,157,30,5,12,EMP000024,2022-03-20,,True
emp000025,936,28,7,24,EMP000025,2023-10-02,,True
emp000026,167,35,9,10,EMP000026,2020-09-12,,True
emp000027,76,40,1,5,EMP000027,2023-03-04,,True
emp000028,328,49,8,24,EMP000028,2016-12-25,,True
emp000029,580,26,1,1,EMP000029,2020-12-03,,True
emp000030,31,30,8,10,EMP000030,2021-03-16,,True
emp000031,377,32,8,3,EMP000031,2020-06-14,,True
emp000032,870,48,6,24,EMP000032,2025-06-20,,True
emp000033,336,40,3,10,EMP000033,2021-06-19,,True
emp000034,980,43,7,18,EMP000034,2017-11-10,2023-12-02,False
emp000035,212,38,1,13,EMP000035,2026-03-12,,True
emp000036,892,44,3,1,EMP000036,2025-01-14,,True
emp000037,177,28,8,33,EMP000037,2023-09-02,2025-08-25,False
emp000038,175,40,7,3,EMP000038,2017-04-06,2020-06-25,False
emp000039,41,27,6,18,EMP000039,2021-05-20,,True
emp000040,288,46,6,5,EMP000040,2025-10-23,,True
emp000041,874,37,6,22,EMP000041,2019-07-21,,True
emp000042,204,36,1,11,EMP000042,2015-11-01,,True
emp000043,712,38,6,18,EMP000043,2021-06-06,2026-01-02,False
emp000044,670,30,9,5,EMP000044,2022-03-03,,True
emp000045,681,27,2,31,EMP000045,2018-02-05,,True
emp000046,194,39,1,20,EMP000046,2015-01-13,2017-04-28,False
emp000047,187,45,6,37,EMP000047,2023-10-24,,True
emp000048,649,33,9,30,EMP000048,2019-06-25,,True
emp000049,609,33,8,4,EMP000049,2015-01-13,,True
emp000050,526,37,6,17,EMP000050,2025-11-19,,True
emp000051,396,48,2,17,EMP000051,2018-01-06,,True
emp000052,331,39,3,29,EMP000052,2022-08-10,,True
emp000053,868,47,2,28,EMP000053,2020-12-05,,True
emp000054,783,45,2,6,EMP000054,2017-02-02,,True
emp000055,273,49,5,7,EMP000055,2016-09-08,,True
emp000056,327,30,9,15,EMP000056,2020-03-24,,True
emp000057,542,43,6,21,EMP000057,2019-09-16,,True
emp000058,326,33,1,9,EMP000058,2023-04-21,,True
emp000059,348,45,6,1,EMP000059,2015-04-06,,True
emp000060,226,26,9,6,EMP000060,2020-05-02,,True
emp000061,832,27,6,26,EMP000061,2024-11-16,,True
emp000062,981,28,7,20,EMP000062,2023-05-15,,True
emp000063,618,37,1,29,EMP000063,2021-08-02,,True
emp000064,934,46,6,5,EMP000064,2024-05-03,2026-05-25,False
emp000065,743,27,1,10,EMP000065,2017-04-26,,True
emp000066,585,43,2,13,EMP000066,2018-09-26,2023-09-06,False
emp000067,164,41,9,23,EMP000067,2015-11-03,,True
emp000068,414,42,1,38,EMP000068,2024-05-18,,True
emp000069,769,39,8,6,EMP000069,2020-04-05,2023-10-29,False
emp000070,96,46,7,26,EMP000070,2023-09-28,,True
emp000071,888,39,2,21,EMP000071,2019-03-01,,True
emp000072,652,48,6,20,EMP000072,2026-02-23,,True
emp000073,825,48,2,34,EMP000073,2022-03-17,,True
emp000074,8,49,1,33,EMP000074,2021-02-10,,True
emp000075,595,28,4,4,EMP000075,2018-01-16,,True
emp000076,69,26,4,28,EMP000076,2021-12-13,,True
emp000077,220,43,4,39,EMP000077,2023-06-12,,True
emp000078,16,41,4,12,EMP000078,2018-12-19,,True
emp000079,407,38,8,5,EMP000079,2018-11-20,,True
emp000080,469,32,8,29,EMP000080,2026-05-07,,True
emp000081,880,28,8,3,EMP000081,2018-11-28,,True
emp000082,344,36,3,39,EMP000082,2023-10-18,,True
emp000083,947,47,7,31,EMP000083,2026-09-22,,True
emp000084,883,38,7,12,EMP000084,2020-12-19,,True
emp000085,229,48,9,14,EMP000085,2019-05-10,,True
emp000086,137,37,9,3,EMP000086,2021-10-12,,True
emp000087,778,47,8,32,EMP000087,2019-03-26,2023-07-05,False
emp000088,532,35,7,9,EMP000088,2017-03-15,,True
emp000089,59,30,6,9,EMP000089,2022-07-18,,True
emp000090,7,47,4,34,EMP000090,2022-09-06,,True
emp000091,549,35,3,20,EMP000091,2020-12-06,,True
emp000092,978,42,2,25,EMP000092,2026-09-28,,True
emp000093,332,49,1,28,EMP000093,2015-02-14,,True
emp000094,9,49,9,10,EMP000094,2024-07-19,,True
emp000095,914,46,8,32,EMP000095,2021-02-20,2026-08-10,False
emp000096,623,29,1,23,EMP000096,2020-12-01,,True
emp000097,592,43,2,9,EMP000097,2017-01-13,,True
emp000098,372,34,8,11,EMP000098,2021-01-18,,True
emp000099,485,41,2,15,EMP000099,2025-11-24,,True
emp000100,669,39,7,38,EMP000100,2026-07-24,,True
emp000101,168,37,6,21,EMP000101,2021-01-17,,True
emp000102,612,47,4,17,EMP000102,2023-06-21,,True
emp000103,99,39,2,38,EMP000103,2023-05-27,2026-04-15,False
emp000104,729,29,8,27,EMP000104,2016-03-09,2018-12-06,False
emp000105,87,38,1,34,EMP000105,2024-12-10,,True
emp000106,937,46,9,8,EMP000106,2023-06-10,,True
emp000107,687,1,9,24,EMP000107,2024-04-08,,True
emp000108,460,33,6,20,EMP000108,2021-02-08,,True
emp000109,891,40,8,15,EMP000109,2023-06-03,,True
emp000110,255,43,9,26,EMP000110,2015-01-07,,True
emp000111,447,37,8,39,EMP000111,2017-10-16,,True
emp000112,12,30,7,33,EMP000112,2023-11-17,,True
emp000113,932,34,3,16,EMP000113,2023-11-04,,True
emp000114,608,41,5,30,EMP000114,2024-04-18,,True
emp000115,222,40,4,32,EMP000115,2017-01-18,2019-08-16,False
emp000116,912,32,3,36,EMP000116,2022-05-25,,True
emp000117,685,35,2,25,EMP000117,2016-05-19,,True
emp000118,404,30,2,27,EMP000118,2020-06-10,,True
emp000119,114,46,3,23,EMP000119,2018-11-20,,True
emp000120,426,32,6,40,EMP000120,2018-09-09,,True
emp000121,858,43,6,14,EMP000121,2025-12-27,,True
emp000122,792,40,1,37,EMP000122,2024-07-28,,True
emp000123,620,36,9,30,EMP000123,2026-12-19,,True
emp000124,435,47,8,36,EMP000124,2018-02-26,,True
emp000125,724,41,4,19,EMP000125,2019-12-24,,True
emp000126,634,34,3,32,EMP000126,2019-09-14,,True
emp000127,163,33,4,7,EMP000127,2016-08-12,,True
emp000128,477,47,1,20,EMP000128,2025-09-22,,True
emp000129,855,28,6,11,EMP000129,2020-05-21,,True
emp000130,71,33,1,33,EMP000130,2016-10-21,,True
emp000131,444,39,9,24,EMP000131,2022-02-17,,True
emp000132,343,48,8,24,EMP000132,2018-09-12,,True
emp000133,484,35,8,31,EMP000133,2021-02-16,,True
emp000134,695,49,9,34,EMP000134,2022-01-24,,True
emp000135,5,45,9,34,EMP000135,2025-04-22,,True
emp000136,953,38,5,8,EMP000136,2023-05-04,,True
emp000137,895,35,8,40,EMP000137,2022-03-25,,True
emp000138,110,34,5,30,EMP000138,2016-10-03,,True
emp000139,688,27,7,6,EMP000139,2020-11-22,,True
emp000140,121,27,8,31,EMP000140,2020-04-01,,True
emp000141,382,39,5,11,EMP000141,2021-01-17,2024-12-25,False
emp000142,265,40,5,22,EMP000142,2024-10-20,,True
emp000143,37,38,3,36,EMP000143,2024-03-26,,True
emp000144,39,41,4,6,EMP000144,2020-04-21,,True
emp000145,794,44,6,31,EMP000145,2025-12-04,,True
emp000146,969,28,2,29,EMP000146,2019-11-25,,True
emp000147,962,30,6,2,EMP000147,2024-02-02,,True
emp000148,68,38,4,5,EMP000148,2019-06-28,,True
emp000149,513,46,4,28,EMP000149,2020-11-24,,True
emp000150,270,32,5,33,EMP000150,2020-09-11,,True
emp000151,392,36,5,6,EMP000151,2021-08-09,,True
emp000152,53,38,7,23,EMP000152,2018-07-15,,True
emp000153,192,35,5,13,EMP000153,2022-02-28,,True
emp000154,86,39,8,15,EMP000154,2015-06-19,,True
emp000155,436,1,3,7,EMP000155,2018-04-09,,True
emp000156,955,41,3,18,EMP000156,2021-04-19,,True
emp000157,397,46,6,14,EMP000157,2021-06-03,2025-07-12,False
emp000158,742,38,2,22,EMP000158,2017-04-05,,True
emp000159,573,43,8,6,EMP000159,2026-05-13,,True
emp000160,218,28,4,32,EMP000160,2026-06-13,,True
emp000161,780,44,6,26,EMP000161,2021-09-10,2024-05-29,False
emp000162,40,47,3,34,EMP000162,2026-02-20,,True
emp000163,767,29,6,15,EMP000163,2026-03-18,,True
emp000164,496,37,5,27,EMP000164,2016-11-21,,True
emp000165,459,32,5,10,EMP000165,2018-02-15,,True
emp000166,854,44,2,14,EMP000166,2023-02-18,,True
emp000167,561,43,3,34,EMP000167,2022-11-22,,True
emp000168,2,39,9,40,EMP000168,2022-02-24,,True
emp000169,919,33,2,11,EMP000169,2018-03-06,2023-08-05,False
emp000170,65,35,8,38,EMP000170,2020-04-22,,True
emp000171,805,29,9,22,EMP000171,2016-01-23,,True
emp000172,675,41,6,39,EMP000172,2022-03-07,,True
emp000173,984,43,2,13,EMP000173,2023-09-12,,True
emp000174,921,29,8,36,EMP000174,2026-06-07,,True
emp000175,20,36,6,19,EMP000175,2024-05-23,,True
emp000176,203,48,7,32,EMP000176,2023-09-16,,True
emp000177,32,48,3,39,EMP000177,2016-06-18,,True
emp000178,987,39,8,13,EMP000178,2025-01-09,,True
emp000179,629,43,5,6,EMP000179,2022-05-11,,True
emp000180,922,29,6,9,EMP000180,2022-12-05,,True
emp000181,431,41,6,9,EMP000181,2020-12-28,,True
emp000182,429,35,5,16,EMP000182,2026-05-25,,True
emp000183,693,45,7,20,EMP000183,2023-04-21,,True
emp000184,697,48,2,32,EMP000184,2023-02-06,,True
emp000185,801,46,4,14,EMP000185,2022-04-21,2023-11-24,False
emp000186,684,35,8,27,EMP000186,2024-12-23,,True
emp000187,298,29,4,11,EMP000187,2022-09-04,,True
emp000188,630,27,2,32,EMP000188,2019-10-05,,True
emp000189,130,48,4,6,EMP000189,2017-06-23,2023-05-28,False
emp000190,591,32,5,28,EMP000190,2018-09-02,,True
emp000191,211,38,8,12,EMP000191,2023-05-09,,True
emp000192,499,36,5,31,EMP000192,2019-07-24,,True
emp000193,422,42,6,39,EMP000193,2026-05-20,,True
emp000194,421,43,1,38,EMP000194,2017-09-01,,True
emp000195,54,35,4,40,EMP000195,2022-05-10,,True
emp000196,408,39,7,18,EMP000196,2024-01-23,,True
emp000197,77,31,5,37,EMP000197,2024-05-14,,True
emp000198,990,38,9,4,EMP000198,2018-01-16,,True
emp000199,703,39,5,39,EMP000199,2019-08-16,,True
emp000200,998,47,6,20,EMP000200,2026-01-15,,True
emp000201,268,48,3,2,EMP000201,2016-09-22,,True
emp000202,757,41,9,31,EMP000202,2017-06-15,,True
emp000203,312,46,6,12,EMP000203,2022-10-06,,True
emp000204,124,33,5,29,EMP000204,2018-08-06,,True
emp000205,307,30,4,28,EMP000205,2017-08-04,,True
emp000206,500,43,4,6,EMP000206,2024-04-05,,True
emp000207,813,47,9,39,EMP000207,2020-07-20,2023-10-25,False
emp000208,140,39,7,31,EMP000208,2024-07-11,,True
emp000209,614,1,5,35,EMP000209,2015-09-20,,True
emp000210,316,33,3,30,EMP000210,2023-03-27,,True
emp000211,976,36,5,37,EMP000211,2024-03-24,,True
emp000212,295,33,9,2,EMP000212,2019-07-10,2024-12-02,False
emp000213,539,35,9,6,EMP000213,2020-06-12,,True
emp000214,219,32,1,4,EMP000214,2018-09-05,,True
emp000215,319,33,1,15,EMP000215,2017-12-18,,True
emp000216,607,27,8,17,EMP000216,2025-12-28,,True
emp000217,184,28,1,34,EMP000217,2015-01-19,,True
emp000218,56,33,4,40,EMP000218,2025-07-09,,True
emp000219,604,46,6,19,EMP000219,2023-02-07,,True
emp000220,29,45,9,16,EMP000220,2025-11-02,,True
emp000221,125,32,6,2,EMP000221,2020-07-23,,True
emp000222,105,40,3,9,EMP000222,2020-02-23,,True
emp000223,680,47,1,22,EMP000223,2018-02-06,,True
emp000224,362,1,1,12,EMP000224,2025-09-21,,True
emp000225,557,48,9,12,EMP000225,2024-02-14,2025-06-17,False
emp000226,85,29,6,25,EMP000226,2015-09-05,,True
emp000227,719,32,1,35,EMP000227,2018-06-15,2020-12-15,False
emp000228,508,36,5,19,EMP000228,2024-04-09,,True
emp000229,106,33,2,4,EMP000229,2023-10-19,,True
emp000230,582,27,2,1,EMP000230,2017-04-15,,True
emp000231,929,42,5,16,EMP000231,2018-05-14,,True
emp000232,488,48,5,25,EMP000232,2025-07-09,,True
emp000233,709,28,7,17,EMP000233,2026-08-09,,True
emp000234,677,49,9,12,EMP000234,2026-01-07,,True
emp000235,320,30,7,29,EMP000235,2017-03-04,2023-08-11,False
emp000236,554,37,2,8,EMP000236,2023-08-11,,True
emp000237,900,40,7,33,EMP000237,2019-04-10,,True
emp000238,702,48,7,6,EMP000238,2017-01-17,,True
emp000239,915,41,7,11,EMP000239,2023-04-17,,True
emp000240,79,31,4,20,EMP000240,2015-12-06,,True
emp000241,433,31,7,3,EMP000241,2026-06-08,,True
emp000242,400,36,7,1,EMP000242,2020-11-01,2025-04-30,False
emp000243,108,33,4,39,EMP000243,2026-08-02,,True
emp000244,242,33,7,36,EMP000244,2016-01-14,,True
emp000245,165,46,1,27,EMP000245,2015-10-10,,True
emp000246,491,26,8,31,EMP000246,2026-11-19,,True
emp000247,816,35,8,23,EMP000247,2026-07-03,,True
emp000248,664,48,9,2,EMP000248,2022-12-12,,True
emp000249,551,36,7,31,EMP000249,2021-08-10,2026-01-21,False
emp000250,57,45,3,33,EMP000250,2026-08-21,,True
emp000251,283,47,1,18,EMP000251,2019-02-15,2025-04-13,False
emp000252,555,32,5,26,EMP000252,2024-01-21,,True
emp000253,770,31,3,8,EMP000253,2020-03-03,,True
emp000254,538,38,3,34,EMP000254,2018-05-18,,True
emp000255,876,38,7,10,EMP000255,2021-01-08,,True
emp000256,653,42,2,1,EMP000256,2015-05-01,2021-07-21,False
emp000257,3,27,7,11,EMP000257,2018-08-08,,True
emp000258,419,37,6,35,EMP000258,2021-05-28,,True
emp000259,711,1,5,28,EMP000259,2026-05-09,,True
emp000260,594,27,4,40,EMP000260,2018-12-05,,True
emp000261,224,34,2,24,EMP000261,2018-03-07,2022-06-25,False
emp000262,321,26,6,40,EMP000262,2015-04-20,,True
emp000263,256,35,4,19,EMP000263,2020-09-07,,True
emp000264,679,35,2,9,EMP000264,2021-08-15,,True
emp000265,28,46,3,26,EMP000265,2016-05-17,,True
emp000266,775,42,4,18,EMP000266,2025-11-18,,True
emp000267,151,46,8,18,EMP000267,2015-07-10,2022-03-07,False
emp000268,214,46,6,28,EMP000268,2021-03-08,,True
emp000269,956,40,5,17,EMP000269,2022-01-20,2024-09-04,False
emp000270,10,36,6,4,EMP000270,2017-03-17,,True
emp000271,139,41,7,11,EMP000271,2017-08-27,,True
emp000272,974,39,9,7,EMP000272,2021-02-03,,True
emp000273,938,27,2,8,EMP000273,2019-01-15,,True
emp000274,986,40,5,12,EMP000274,2021-03-07,,True
emp000275,972,36,8,23,EMP000275,2020-05-09,,True
emp000276,519,26,6,20,EMP000276,2024-08-12,,True
emp000277,200,29,8,20,EMP000277,2025-03-20,,True
emp000278,963,38,5,10,EMP000278,2024-04-08,,True
emp000279,487,40,8,6,EMP000279,2020-11-25,,True
emp000280,699,31,5,30,EMP000280,2021-05-25,,True
emp000281,470,42,5,12,EMP000281,2020-06-01,,True
emp000282,170,1,6,33,EMP000282,2021-08-18,,True
emp000283,522,33,5,30,EMP000283,2024-04-24,,True
emp000284,565,47,5,20,EMP000284,2020-08-28,,True
emp000285,13,39,3,11,EMP000285,2019-09-08,,True
emp000286,626,28,6,24,EMP000286,2021-08-16,,True
emp000287,227,29,9,15,EMP000287,2023-03-08,,True
emp000288,272,44,9,17,EMP000288,2019-03-21,,True
emp000289,134,45,8,9,EMP000289,2021-06-27,,True
emp000290,967,37,9,25,EMP000290,2015-01-16,,True
emp000291,374,35,2,17,EMP000291,2021-02-18,,True
emp000292,637,36,6,6,EMP000292,2017-08-07,2019-04-24,False
emp000293,266,30,6,18,EMP000293,2025-08-09,,True
emp000294,897,34,8,24,EMP000294,2023-07-13,,True
emp000295,763,37,3,10,EMP000295,2026-12-20,,True
emp000296,357,49,9,2,EMP000296,2023-09-12,,True
emp000297,334,45,4,2,EMP000297,2023-01-03,2023-11-01,False
emp000298,438,36,1,20,EMP000298,2025-07-09,,True
emp000299,952,44,3,27,EMP000299,2024-10-21,,True
emp000300,112,28,2,3,EMP000300,2025-11-01,,True
emp000301,221,37,8,11,EMP000301,2018-08-07,,True
emp000302,442,43,4,27,EMP000302,2018-02-25,2024-04-09,False
emp000303,423,28,6,6,EMP000303,2020-07-15,,True
emp000304,982,41,7,23,EMP000304,2025-05-24,,True
emp000305,924,39,3,16,EMP000305,2024-04-22,,True
emp000306,91,41,1,5,EMP000306,2023-08-07,,True
emp000307,386,49,1,11,EMP000307,2023-06-02,,True
emp000308,403,49,9,21,EMP000308,2023-11-19,,True
emp000309,101,35,3,11,EMP000309,2020-12-25,,True
emp000310,208,39,8,26,EMP000310,2022-07-11,,True
emp000311,206,34,3,24,EMP000311,2015-05-11,,True
emp000312,231,49,2,33,EMP000312,2015-06-07,,True
emp000313,650,28,2,18,EMP000313,2024-03-21,,True
emp000314,100,29,9,2,EMP000314,2021-04-17,,True
emp000315,299,32,5,15,EMP000315,2021-11-21,,True
emp000316,786,43,9,20,EMP000316,2022-11-01,,True
emp000317,461,35,9,9,EMP000317,2016-11-23,,True
emp000318,524,46,8,30,EMP000318,2016-04-06,,True
emp000319,174,38,5,2,EMP000319,2020-03-24,,True
emp000320,188,44,7,30,EMP000320,2019-07-05,,True
emp000321,811,33,8,31,EMP000321,2016-10-12,,True
emp000322,449,44,8,22,EMP000322,2020-03-27,,True
emp000323,846,45,4,6,EMP000323,2023-10-23,,True
emp000324,383,36,7,4,EMP000324,2018-05-26,,True
emp000325,828,28,2,35,EMP000325,2021-12-05,,True
emp000326,497,1,8,31,EMP000326,2022-07-16,,True
emp000327,241,38,3,7,EMP000327,2018-06-13,2021-05-21,False
emp000328,116,30,8,14,EMP000328,2017-11-18,,True
emp000329,578,48,7,24,EMP000329,2021-02-17,2024-03-05,False
emp000330,473,34,6,7,EMP000330,2024-04-24,2026-05-20,False
emp000331,547,26,9,8,EMP000331,2017-03-21,,True
emp000332,667,28,5,2,EMP000332,2024-07-12,,True
emp000333,574,46,3,4,EMP000333,2018-12-04,,True
emp000334,45,33,7,34,EMP000334,2026-08-22,,True
emp000335,690,44,2,40,EMP000335,2026-11-07,,True
emp000336,882,49,9,22,EMP000336,2016-11-18,,True
emp000337,671,37,5,35,EMP000337,2022-08-26,,True
emp000338,838,45,2,26,EMP000338,2015-12-26,,True
emp000339,598,26,2,4,EMP000339,2022-10-24,2025-06-10,False
emp000340,829,32,4,7,EMP000340,2026-07-01,,True
emp000341,240,29,6,9,EMP000341,2016-12-17,,True
emp000342,89,30,8,16,EMP000342,2015-12-12,2018-04-07,False
emp000343,710,34,5,15,EMP000343,2017-08-03,2024-01-05,False
emp000344,153,34,6,40,EMP000344,2025-03-03,,True
emp000345,875,39,8,14,EMP000345,2017-06-07,,True
emp000346,441,32,1,31,EMP000346,2023-10-22,,True
emp000347,714,37,3,10,EMP000347,2026-11-02,,True
emp000348,995,49,3,37,EMP000348,2018-05-17,,True
emp000349,350,33,1,10,EMP000349,2019-04-11,,True
emp000350,777,33,4,2,EMP000350,2021-08-17,,True
emp000351,117,29,7,10,EMP000351,2023-03-02,,True
emp000352,866,28,8,35,EMP000352,2018-04-27,,True
emp000353,126,26,5,29,EMP000353,2022-11-22,,True
emp000354,943,31,7,37,EMP000354,2023-07-05,,True
emp000355,536,30,8,26,EMP000355,2016-08-12,,True
emp000356,417,31,6,27,EMP000356,2020-01-17,,True
emp000357,696,45,4,29,EMP000357,2016-06-24,,True
emp000358,146,43,9,22,EMP000358,2025-03-23,,True
emp000359,666,32,4,26,EMP000359,2020-02-05,,True
emp000360,115,40,6,22,EMP000360,2016-03-07,,True
emp000361,70,38,6,1,EMP000361,2016-10-02,2018-05-18,False
emp000362,506,29,8,16,EMP000362,2018-02-22,,True
emp000363,857,49,1,20,EMP000363,2018-05-17,,True
emp000364,289,37,9,24,EMP000364,2015-04-05,,True
emp000365,576,31,2,32,EMP000365,2021-01-27,,True
emp000366,474,45,9,38,EMP000366,2025-01-18,,True
emp000367,142,41,8,5,EMP000367,2026-02-08,,True
emp000368,160,40,8,24,EMP000368,2020-11-28,,True
emp000369,158,32,3,30,EMP000369,2026-11-10,,True
emp000370,589,32,8,27,EMP000370,2021-12-03,,True
emp000371,957,39,4,40,EMP000371,2016-05-11,2020-09-08,False
emp000372,169,46,7,18,EMP000372,2026-01-20,,True
emp000373,380,28,1,17,EMP000373,2022-12-27,,True
emp000374,537,37,2,37,EMP000374,2023-04-25,,True
emp000375,617,45,6,34,EMP000375,2025-12-07,,True
emp000376,342,34,5,3,EMP000376,2017-07-24,2022-07-26,False
emp000377,824,49,6,16,EMP000377,2016-06-06,,True
emp000378,297,49,7,35,EMP000378,2021-08-02,2024-06-07,False
emp000379,867,27,6,36,EMP000379,2022-10-10,,True
emp000380,285,47,1,13,EMP000380,2016-02-26,,True
emp000381,133,44,7,29,EMP000381,2019-01-11,,True
emp000382,269,31,3,28,EMP000382,2018-11-17,,True
emp000383,258,49,6,12,EMP000383,2023-08-03,,True
emp000384,111,48,8,34,EMP000384,2016-09-19,,True
emp000385,351,45,8,36,EMP000385,2021-04-23,,True
emp000386,602,34,1,19,EMP000386,2023-07-28,,True
emp000387,304,47,5,21,EMP000387,2024-09-16,,True
emp000388,322,45,7,30,EMP000388,2017-11-15,2023-07-30,False
emp000389,234,35,5,16,EMP000389,2024-07-05,,True
emp000390,744,27,3,4,EMP000390,2025-05-03,,True
emp000391,35,37,6,8,EMP000391,2021-02-19,,True
emp000392,186,38,3,11,EMP000392,2026-08-23,,True
emp000393,74,36,8,1,EMP000393,2020-12-27,,True
emp000394,738,34,2,39,EMP000394,2021-09-19,,True
emp000395,584,30,9,13,EMP000395,2017-01-09,2019-07-01,False
emp000396,954,48,7,9,EMP000396,2025-07-02,,True
emp000397,425,29,1,4,EMP000397,2023-06-17,,True
emp000398,790,31,3,22,EMP000398,2018-07-25,,True
emp000399,345,42,4,38,EMP000399,2020-06-22,,True
emp000400,300,36,3,13,EMP000400,2025-09-12,,True
emp000401,120,44,7,31,EMP000401,2023-09-09,,True
emp000402,606,48,5,10,EMP000402,2026-03-14,,True
emp000403,402,47,7,29,EMP000403,2018-05-16,,True
emp000404,889,31,9,20,EMP000404,2020-03-18,,True
emp000405,333,38,7,24,EMP000405,2021-04-07,,True
emp000406,22,27,8,24,EMP000406,2023-01-23,,True
emp000407,902,49,9,37,EMP000407,2022-06-07,,True
emp000408,453,30,3,9,EMP000408,2022-09-13,,True
emp000409,468,45,8,37,EMP000409,2026-07-03,,True
emp000410,463,33,8,39,EMP000410,2019-06-12,,True
emp000411,586,41,4,12,EMP000411,2022-11-21,,True
emp000412,859,31,8,8,EMP000412,2023-09-02,,True
emp000413,939,43,2,20,EMP000413,2017-11-18,,True
emp000414,704,29,2,32,EMP000414,2023-01-06,,True
emp000415,103,49,5,9,EMP000415,2017-11-27,,True
emp000416,223,27,5,14,EMP000416,2021-12-04,,True
emp000417,558,41,1,31,EMP000417,2021-09-20,2025-09-27,False
emp000418,182,44,3,40,EMP000418,2018-05-20,,True
emp000419,445,40,9,35,EMP000419,2021-10-23,,True
emp000420,821,33,5,4,EMP000420,2023-03-25,,True
emp000421,98,49,7,4,EMP000421,2016-12-02,,True
emp000422,638,30,9,2,EMP000422,2017-10-05,2021-02-09,False
emp000423,310,44,3,11,EMP000423,2015-08-17,,True
emp000424,819,35,2,28,EMP000424,2016-08-15,,True
emp000425,412,32,5,26,EMP000425,2021-06-21,2023-10-31,False
emp000426,415,37,6,18,EMP000426,2022-01-25,,True
emp000427,839,27,9,29,EMP000427,2017-09-02,,True
emp000428,812,35,1,1,EMP000428,2017-09-10,,True
emp000429,862,44,6,26,EMP000429,2019-04-11,,True
emp000430,973,26,3,3,EMP000430,2018-01-03,,True
emp000431,553,34,1,25,EMP000431,2022-05-03,,True
emp000432,528,38,1,7,EMP000432,2024-01-27,,True
emp000433,239,32,8,40,EMP000433,2022-10-10,,True
emp000434,588,32,2,5,EMP000434,2024-03-22,,True
emp000435,1000,31,4,25,EMP000435,2016-10-28,,True
emp000436,152,1,2,6,EMP000436,2016-08-25,,True
emp000437,807,29,8,14,EMP000437,2020-11-24,2021-08-25,False
emp000438,518,28,5,9,EMP000438,2019-12-07,,True
emp000439,628,49,3,31,EMP000439,2026-10-24,,True
emp000440,514,47,2,31,EMP000440,2023-08-28,,True
emp000441,907,48,7,40,EMP000441,2026-06-23,,True
emp000442,378,1,1,10,EMP000442,2024-07-21,,True
emp000443,590,45,4,28,EMP000443,2016-07-10,2019-12-28,False
emp000444,215,31,5,9,EMP000444,2025-08-27,,True
emp000445,863,36,4,30,EMP000445,2026-01-28,,True
emp000446,282,38,1,19,EMP000446,2024-02-09,,True
emp000447,58,1,7,7,EMP000447,2015-06-15,,True
emp000448,992,33,1,16,EMP000448,2024-05-07,,True
emp000449,913,45,3,18,EMP000449,2017-06-13,,True
emp000450,619,31,1,35,EMP000450,2023-04-14,,True
emp000451,749,26,8,6,EMP000451,2016-07-10,,True
emp000452,75,40,7,9,EMP000452,2019-04-10,,True
emp000453,181,47,1,14,EMP000453,2025-07-24,,True
emp000454,154,41,6,3,EMP000454,2022-02-02,,True
emp000455,78,1,7,10,EMP000455,2022-02-23,,True
emp000456,381,30,3,28,EMP000456,2017-04-21,,True
emp000457,503,29,1,20,EMP000457,2018-09-19,,True
emp000458,448,33,9,14,EMP000458,2022-12-22,,True
emp000459,23,26,9,11,EMP000459,2022-07-13,2024-04-08,False
emp000460,430,49,9,3,EMP000460,2019-03-03,,True
emp000461,185,47,9,36,EMP000461,2026-12-09,,True
emp000462,306,47,7,22,EMP000462,2018-07-07,,True
emp000463,46,42,2,14,EMP000463,2026-11-17,,True
emp000464,672,43,4,11,EMP000464,2025-10-08,,True
emp000465,150,27,9,22,EMP000465,2024-04-16,,True
emp000466,263,40,3,21,EMP000466,2026-06-24,,True
emp000467,728,29,8,31,EMP000467,2018-06-13,,True
emp000468,83,45,5,2,EMP000468,2021-10-27,,True
emp000469,610,28,3,23,EMP000469,2025-03-22,,True
emp000470,6,38,2,7,EMP000470,2026-04-06,,True
emp000471,613,36,1,10,EMP000471,2017-01-27,2017-08-05,False
emp000472,81,47,6,15,EMP000472,2022-07-28,,True
emp000473,394,35,2,25,EMP000473,2023-03-28,,True
emp000474,845,46,7,13,EMP000474,2020-07-27,,True
emp000475,43,42,9,14,EMP000475,2021-03-12,,True
emp000476,371,28,9,32,EMP000476,2018-11-18,,True
emp000477,162,33,8,1,EMP000477,2026-12-27,,True
emp000478,983,45,1,27,EMP000478,2020-05-16,,True
emp000479,410,33,4,38,EMP000479,2018-01-25,2018-12-30,False
emp000480,920,27,8,30,EMP000480,2022-02-21,,True
emp000481,850,40,1,38,EMP000481,2024-11-16,,True
emp000482,960,46,9,11,EMP000482,2024-11-06,,True
emp000483,63,38,4,20,EMP000483,2015-01-15,,True
emp000484,926,39,9,23,EMP000484,2023-10-04,,True
emp000485,475,28,7,40,EMP000485,2025-10-24,,True
emp000486,865,44,9,8,EMP000486,2020-04-19,,True
emp000487,564,45,4,28,EMP000487,2019-01-03,,True
emp000488,398,45,2,8,EMP000488,2019-11-02,,True
emp000489,341,26,2,32,EMP000489,2022-06-05,,True
emp000490,562,1,3,38,EMP000490,2021-09-22,2025-12-18,False
emp000491,708,38,3,34,EMP000491,2021-06-09,,True
emp000492,176,41,1,1,EMP000492,2026-06-18,,True
emp000493,682,35,3,21,EMP000493,2021-08-22,,True
emp000494,534,35,3,23,EMP000494,2025-08-03,,True
emp000495,569,38,5,34,EMP000495,2019-12-19,,True
emp000496,654,34,1,16,EMP000496,2015-04-11,2019-03-20,False
emp000497,804,33,4,37,EMP000497,2017-09-16,,True
emp000498,467,39,9,30,EMP000498,2020-09-02,2023-01-29,False
emp000499,232,41,8,38,EMP000499,2019-03-12,,True
emp000500,896,28,6,18,EMP000500,2015-04-06,,True
emp000501,692,41,7,5,EMP000501,2023-03-23,,True
emp000502,515,30,1,32,EMP000502,2024-10-20,,True
emp000503,635,48,7,14,EMP000503,2016-11-15,,True
emp000504,464,35,8,27,EMP000504,2017-07-24,,True
emp000505,968,43,4,39,EMP000505,2018-02-23,,True
emp000506,271,39,9,33,EMP000506,2019-04-19,2020-08-30,False
emp000507,14,28,3,33,EMP000507,2021-01-04,,True
emp000508,379,31,9,8,EMP000508,2024-11-07,,True
emp000509,360,31,5,38,EMP000509,2025-09-17,,True
emp000510,597,39,6,26,EMP000510,2026-08-26,,True
emp000511,910,40,9,7,EMP000511,2024-10-23,2025-06-15,False
emp000512,141,36,6,4,EMP000512,2018-03-12,2022-09-03,False
emp000513,393,46,7,1,EMP000513,2016-06-07,2020-04-27,False
emp000514,148,43,7,36,EMP000514,2016-06-21,,True
emp000515,964,34,9,24,EMP000515,2024-12-03,,True
emp000516,771,43,2,35,EMP000516,2019-05-20,,True
emp000517,732,41,3,2,EMP000517,2024-01-04,,True
emp000518,228,27,7,5,EMP000518,2021-01-11,,True
emp000519,781,28,3,13,EMP000519,2016-11-15,2018-10-26,False
emp000520,261,43,4,25,EMP000520,2015-03-11,,True
emp000521,243,40,1,28,EMP000521,2024-10-14,,True
emp000522,128,29,8,10,EMP000522,2026-09-13,,True
emp000523,25,41,7,18,EMP000523,2017-07-16,2018-04-10,False
emp000524,52,46,3,40,EMP000524,2026-05-08,,True
emp000525,173,37,9,36,EMP000525,2018-12-12,,True
emp000526,458,34,9,34,EMP000526,2018-10-04,2023-05-14,False
emp000527,950,28,2,1,EMP000527,2026-08-11,,True
emp000528,830,48,3,28,EMP000528,2023-07-23,,True
emp000529,548,42,2,24,EMP000529,2023-10-05,,True
emp000530,655,44,6,12,EMP000530,2022-02-26,,True
emp000531,705,37,7,1,EMP000531,2015-02-26,2021-06-24,False
emp000532,657,36,4,2,EMP000532,2020-09-08,2026-07-15,False
emp000533,625,46,8,40,EMP000533,2026-02-18,,True
emp000534,721,26,4,26,EMP000534,2022-08-08,,True
emp000535,890,32,2,22,EMP000535,2026-05-28,,True
emp000536,971,29,4,14,EMP000536,2017-11-09,,True
emp000537,259,30,1,31,EMP000537,2018-03-23,,True
emp000538,817,41,1,28,EMP000538,2022-02-21,,True
emp000539,238,44,9,37,EMP000539,2023-11-25,,True
emp000540,455,27,5,40,EMP000540,2019-12-27,,True
emp000541,885,37,2,28,EMP000541,2023-05-06,2023-12-25,False
emp000542,356,39,2,2,EMP000542,2022-12-26,2023-12-08,False
emp000543,820,38,3,14,EMP000543,2017-11-18,,True
emp000544,951,39,3,35,EMP000544,2023-11-24,,True
emp000545,887,35,7,14,EMP000545,2024-12-19,,True
emp000546,935,30,6,33,EMP000546,2016-03-10,,True
emp000547,434,30,2,23,EMP000547,2020-04-24,,True
emp000548,346,36,6,3,EMP000548,2015-02-18,,True
emp000549,601,37,6,30,EMP000549,2017-04-05,,True
emp000550,979,1,6,25,EMP000550,2018-07-18,2024-01-02,False
emp000551,737,31,7,30,EMP000551,2023-06-10,,True
emp000552,908,42,6,24,EMP000552,2025-07-24,,True
emp000553,930,29,6,38,EMP000553,2019-03-18,,True
emp000554,694,40,9,17,EMP000554,2026-01-01,,True
emp000555,727,40,9,30,EMP000555,2023-10-25,,True
emp000556,72,27,6,24,EMP000556,2023-01-06,2023-08-24,False
emp000557,207,28,9,39,EMP000557,2017-01-25,,True
emp000558,762,41,3,12,EMP000558,2026-02-19,,True
emp000559,632,34,1,14,EMP000559,2025-07-09,2026-02-07,False
emp000560,42,27,8,1,EMP000560,2018-08-09,,True
emp000561,765,45,1,37,EMP000561,2020-05-28,,True
emp000562,861,49,5,27,EMP000562,2017-04-13,,True
emp000563,806,27,2,36,EMP000563,2026-03-11,,True
emp000564,213,44,1,36,EMP000564,2019-11-15,,True
emp000565,313,44,8,8,EMP000565,2025-07-26,,True
emp000566,764,36,8,40,EMP000566,2018-11-11,,True
emp000567,872,45,7,31,EMP000567,2020-11-15,,True
emp000568,237,32,3,33,EMP000568,2020-04-02,,True
emp000569,466,33,2,29,EMP000569,2017-08-23,,True
emp000570,899,27,4,2,EMP000570,2015-05-02,,True
emp000571,802,44,8,1,EMP000571,2022-10-01,,True
emp000572,550,49,8,30,EMP000572,2015-12-11,2017-08-24,False
emp000573,88,43,8,33,EMP000573,2018-06-21,,True
emp000574,457,39,5,11,EMP000574,2017-12-07,,True
emp000575,248,36,2,27,EMP000575,2023-10-03,,True
emp000576,646,30,3,3,EMP000576,2021-01-06,,True
emp000577,761,32,9,35,EMP000577,2025-05-07,,True
emp000578,701,41,4,8,EMP000578,2019-02-19,,True
emp000579,579,48,5,11,EMP000579,2020-01-04,2022-02-02,False
emp000580,808,40,9,7,EMP000580,2024-04-25,,True
emp000581,94,45,4,8,EMP000581,2023-12-27,,True
emp000582,198,28,9,18,EMP000582,2023-02-23,,True
emp000583,772,36,3,27,EMP000583,2018-02-16,,True
emp000584,462,26,5,16,EMP000584,2026-06-10,,True
emp000585,495,44,2,27,EMP000585,2016-03-17,2018-01-17,False
emp000586,494,47,1,21,EMP000586,2026-02-16,,True
emp000587,844,28,8,6,EMP000587,2016-11-18,,True
emp000588,799,38,1,21,EMP000588,2020-06-24,,True
emp000589,575,44,3,33,EMP000589,2020-03-02,,True
emp000590,250,26,7,33,EMP000590,2015-05-04,,True
emp000591,492,44,7,38,EMP000591,2017-08-23,,True
emp000592,994,37,3,17,EMP000592,2021-05-23,,True
emp000593,409,42,7,2,EMP000593,2022-02-28,,True
emp000594,662,41,1,28,EMP000594,2016-06-24,2021-11-26,False
emp000595,156,33,7,11,EMP000595,2025-06-22,,True
emp000596,774,32,8,28,EMP000596,2021-05-06,,True
emp000597,235,42,4,21,EMP000597,2018-03-25,,True
emp000598,873,47,1,33,EMP000598,2021-04-22,,True
emp000599,27,31,9,1,EMP000599,2025-09-25,,True
emp000600,784,29,8,29,EMP000600,2017-12-19,,True
emp000601,965,29,1,27,EMP000601,2021-04-08,,True
emp000602,1,37,9,17,EMP000602,2016-12-10,,True
emp000603,33,43,6,27,EMP000603,2021-01-25,2021-10-21,False
emp000604,768,44,4,12,EMP000604,2020-07-07,2026-03-03,False
emp000605,179,28,2,4,EMP000605,2019-09-07,,True
emp000606,274,38,4,17,EMP000606,2023-03-07,,True
emp000607,465,31,1,30,EMP000607,2021-09-05,,True
emp000608,361,36,8,17,EMP000608,2024-03-04,,True
emp000609,533,32,3,5,EMP000609,2020-08-21,,True
emp000610,834,40,1,23,EMP000610,2024-01-13,,True
emp000611,826,26,2,8,EMP000611,2017-10-27,,True
emp000612,616,42,3,34,EMP000612,2021-09-03,,True
emp000613,199,44,8,17,EMP000613,2024-05-08,,True
emp000614,603,36,9,18,EMP000614,2018-01-25,,True
emp000615,901,48,5,22,EMP000615,2015-03-03,,True
emp000616,420,36,7,38,EMP000616,2019-04-08,,True
emp000617,552,30,7,36,EMP000617,2015-10-27,,True
emp000618,946,37,7,27,EMP000618,2019-12-27,2020-09-12,False
emp000619,997,43,7,17,EMP000619,2015-09-26,,True
emp000620,904,26,7,28,EMP000620,2021-12-26,,True
emp000621,754,29,4,23,EMP000621,2020-02-19,2026-04-09,False
emp000622,155,38,9,10,EMP000622,2023-06-23,,True
emp000623,296,40,6,31,EMP000623,2022-05-23,,True
emp000624,944,47,4,21,EMP000624,2015-10-01,,True
emp000625,291,32,3,11,EMP000625,2024-05-03,,True
emp000626,294,28,3,3,EMP000626,2019-01-28,,True
emp000627,698,33,1,2,EMP000627,2026-06-04,,True
emp000628,363,48,1,1,EMP000628,2025-02-15,,True
emp000629,745,1,3,27,EMP000629,2020-07-23,,True
emp000630,439,43,8,24,EMP000630,2024-10-22,,True
emp000631,172,47,6,25,EMP000631,2023-02-03,,True
emp000632,903,35,5,11,EMP000632,2022-01-08,,True
emp000633,559,26,1,12,EMP000633,2019-08-20,2024-05-27,False
emp000634,735,44,5,5,EMP000634,2025-12-16,,True
emp000635,731,42,3,6,EMP000635,2026-08-16,,True
emp000636,97,46,2,16,EMP000636,2020-08-02,,True
emp000637,413,47,3,10,EMP000637,2025-03-18,,True
emp000638,384,31,5,15,EMP000638,2022-02-08,,True
emp000639,385,35,1,9,EMP000639,2018-07-16,2019-02-25,False
emp000640,480,42,8,32,EMP000640,2019-01-17,,True
emp000641,886,45,2,13,EMP000641,2023-11-03,,True
emp000642,740,32,4,13,EMP000642,2016-08-14,,True
emp000643,391,37,4,17,EMP000643,2022-07-10,,True
emp000644,290,38,6,18,EMP000644,2015-12-08,2017-01-08,False
emp000645,566,27,2,13,EMP000645,2019-07-01,,True
emp000646,822,43,1,25,EMP000646,2019-06-21,,True
emp000647,135,1,4,10,EMP000647,2023-10-01,,True
emp000648,472,37,5,10,EMP000648,2020-07-19,,True
emp000649,195,46,8,37,EMP000649,2022-04-07,,True
emp000650,776,27,3,33,EMP000650,2022-10-09,,True
emp000651,95,26,2,15,EMP000651,2018-12-01,,True
emp000652,349,39,4,15,EMP000652,2019-10-03,,True
emp000653,647,35,1,17,EMP000653,2018-03-16,,True
emp000654,856,48,9,22,EMP000654,2015-03-19,,True
emp000655,520,48,4,18,EMP000655,2026-04-15,,True
emp000656,145,49,4,38,EMP000656,2019-07-07,,True
emp000657,959,1,6,1,EMP000657,2024-06-05,2025-04-07,False
emp000658,686,26,8,13,EMP000658,2021-09-02,,True
emp000659,490,44,1,16,EMP000659,2021-07-24,,True
emp000660,340,45,4,16,EMP000660,2020-06-22,,True
emp000661,700,27,1,36,EMP000661,2025-10-18,,True
emp000662,966,36,2,27,EMP000662,2024-12-20,,True
emp000663,645,28,5,2,EMP000663,2020-08-23,,True
emp000664,144,44,6,2,EMP000664,2020-07-06,,True
emp000665,917,38,1,27,EMP000665,2022-06-22,,True
emp000666,50,45,7,39,EMP000666,2015-02-13,,True
emp000667,746,35,4,12,EMP000667,2021-02-11,,True
emp000668,24,29,2,25,EMP000668,2024-06-20,,True
emp000669,563,27,4,9,EMP000669,2017-11-28,,True
emp000670,236,41,1,31,EMP000670,2024-06-14,,True
emp000671,643,1,3,18,EMP000671,2020-07-13,,True
emp000672,314,32,5,17,EMP000672,2025-10-20,,True
emp000673,779,43,2,19,EMP000673,2024-11-09,,True
emp000674,189,42,7,5,EMP000674,2022-02-19,,True
emp000675,923,29,1,23,EMP000675,2015-02-18,,True
emp000676,416,37,2,2,EMP000676,2021-08-14,,True
emp000677,823,38,6,34,EMP000677,2015-01-24,,True
emp000678,92,40,3,32,EMP000678,2025-10-21,,True
emp000679,525,29,4,31,EMP000679,2015-07-28,,True
emp000680,837,29,6,29,EMP000680,2020-09-05,,True
emp000681,264,32,6,11,EMP000681,2026-05-10,,True
emp000682,800,45,2,24,EMP000682,2022-03-11,,True
emp000683,906,30,7,22,EMP000683,2016-11-03,,True
emp000684,437,48,5,17,EMP000684,2022-03-28,,True
emp000685,517,38,6,25,EMP000685,2023-09-09,,True
emp000686,395,42,1,17,EMP000686,2017-10-12,,True
emp000687,568,44,7,29,EMP000687,2022-02-14,,True
emp000688,84,37,3,38,EMP000688,2019-05-22,,True
emp000689,940,42,4,28,EMP000689,2025-11-15,,True
emp000690,119,44,1,29,EMP000690,2019-11-10,,True
emp000691,30,35,2,21,EMP000691,2019-01-03,,True
emp000692,546,29,6,29,EMP000692,2022-12-26,,True
emp000693,996,28,6,33,EMP000693,2017-11-28,,True
emp000694,373,29,5,9,EMP000694,2022-10-28,,True
emp000695,49,41,3,9,EMP000695,2016-03-18,,True
emp000696,324,36,5,21,EMP000696,2017-07-21,,True
emp000697,335,47,3,34,EMP000697,2016-01-02,2020-04-08,False
emp000698,451,28,2,5,EMP000698,2021-11-28,,True
emp000699,905,26,5,33,EMP000699,2019-03-01,,True
emp000700,60,32,2,33,EMP000700,2026-04-24,,True
emp000701,122,39,1,22,EMP000701,2019-08-20,,True
emp000702,118,33,3,5,EMP000702,2020-03-28,,True
emp000703,388,37,9,30,EMP000703,2016-01-21,,True
emp000704,583,44,4,26,EMP000704,2023-10-26,,True
emp000705,440,44,1,17,EMP000705,2026-08-14,,True
emp000706,879,30,7,3,EMP000706,2022-12-14,2023-08-26,False
emp000707,191,49,6,36,EMP000707,2015-06-02,,True
emp000708,61,47,6,32,EMP000708,2024-10-28,,True
emp000709,659,26,9,33,EMP000709,2019-12-11,2025-10-18,False
emp000710,718,30,2,1,EMP000710,2021-04-13,,True
emp000711,428,45,2,6,EMP000711,2026-06-21,,True
emp000712,476,26,2,27,EMP000712,2015-04-21,,True
emp000713,368,39,6,33,EMP000713,2022-11-17,,True
emp000714,26,31,5,39,EMP000714,2018-01-14,2020-10-01,False
emp000715,689,39,7,19,EMP000715,2020-03-02,,True
emp000716,531,39,8,9,EMP000716,2025-01-28,,True
emp000717,286,40,7,17,EMP000717,2020-06-25,2026-02-15,False
emp000718,641,38,2,20,EMP000718,2022-09-11,,True
emp000719,759,40,2,40,EMP000719,2020-10-18,,True
emp000720,62,48,9,24,EMP000720,2017-09-17,,True
emp000721,758,1,7,34,EMP000721,2016-02-27,,True
emp000722,354,38,6,6,EMP000722,2020-01-10,,True
emp000723,961,37,1,36,EMP000723,2025-09-21,,True
emp000724,104,39,2,26,EMP000724,2015-09-28,,True
emp000725,836,48,7,30,EMP000725,2024-12-06,2026-04-21,False
emp000726,651,29,3,1,EMP000726,2025-06-10,,True
emp000727,278,46,9,22,EMP000727,2023-12-10,2025-04-15,False
emp000728,132,31,5,26,EMP000728,2026-03-23,,True
emp000729,748,27,6,8,EMP000729,2018-09-17,,True
emp000730,292,32,2,13,EMP000730,2026-12-02,,True
emp000731,502,29,6,26,EMP000731,2017-01-15,,True
emp000732,317,44,9,17,EMP000732,2021-01-09,2021-07-31,False
emp000733,567,41,9,6,EMP000733,2021-10-16,,True
emp000734,931,37,9,18,EMP000734,2016-09-16,,True
emp000735,572,41,5,13,EMP000735,2025-12-05,,True
emp000736,713,46,3,21,EMP000736,2022-04-12,,True
emp000737,36,28,5,25,EMP000737,2019-01-11,,True
emp000738,279,44,4,38,EMP000738,2019-12-17,,True
emp000739,622,44,7,12,EMP000739,2015-09-06,,True
emp000740,683,37,7,38,EMP000740,2023-08-25,,True
emp000741,66,1,3,11,EMP000741,2021-04-21,,True
emp000742,988,35,3,26,EMP000742,2016-07-19,2023-02-03,False
emp000743,843,1,4,31,EMP000743,2016-07-03,,True
emp000744,722,35,3,17,EMP000744,2021-06-24,,True
emp000745,190,29,4,35,EMP000745,2015-10-06,,True
emp000746,338,40,6,13,EMP000746,2025-02-28,,True
emp000747,109,45,6,6,EMP000747,2015-03-15,,True
emp000748,985,39,3,7,EMP000748,2018-12-16,,True
emp000749,280,43,7,19,EMP000749,2025-02-13,,True
emp000750,751,43,7,38,EMP000750,2016-11-09,2017-09-20,False
emp000751,217,49,8,27,EMP000751,2023-02-08,,True
emp000752,180,49,4,8,EMP000752,2026-07-08,,True
emp000753,149,49,3,17,EMP000753,2023-02-11,,True
emp000754,489,49,3,14,EMP000754,2018-10-09,,True
emp000755,21,34,9,11,EMP000755,2021-12-23,,True
emp000756,977,33,9,27,EMP000756,2016-06-27,,True
emp000757,427,30,2,9,EMP000757,2025-08-16,,True
emp000758,658,43,3,35,EMP000758,2015-11-10,2021-02-17,False
emp000759,64,32,3,35,EMP000759,2016-07-17,,True
emp000760,353,32,4,37,EMP000760,2022-09-08,,True
emp000761,38,30,7,20,EMP000761,2017-01-24,,True
emp000762,161,28,3,4,EMP000762,2023-06-27,,True
emp000763,958,26,8,4,EMP000763,2019-04-01,,True
emp000764,660,32,9,28,EMP000764,2024-08-03,,True
emp000765,676,1,1,2,EMP000765,2021-11-01,,True
emp000766,993,35,9,36,EMP000766,2019-05-01,,True
emp000767,631,41,9,31,EMP000767,2015-06-05,2019-12-17,False
emp000768,405,37,8,20,EMP000768,2021-05-24,,True
emp000769,443,33,6,9,EMP000769,2020-09-23,,True
emp000770,975,31,3,2,EMP000770,2024-12-01,2026-09-27,False
emp000771,305,48,9,2,EMP000771,2017-05-23,,True
emp000772,663,43,6,6,EMP000772,2024-03-06,2025-07-03,False
emp000773,596,46,6,22,EMP000773,2025-03-01,2025-12-28,False
emp000774,347,36,3,6,EMP000774,2019-10-05,,True
emp000775,673,40,4,5,EMP000775,2021-03-01,,True
emp000776,878,31,2,17,EMP000776,2017-07-13,,True
emp000777,318,29,4,37,EMP000777,2019-11-18,,True
emp000778,809,31,8,16,EMP000778,2019-04-23,,True
emp000779,138,31,4,8,EMP000779,2023-04-01,,True
emp000780,216,34,1,9,EMP000780,2015-11-13,2020-07-05,False
emp000781,301,43,7,28,EMP000781,2015-08-06,,True
emp000782,178,28,5,6,EMP000782,2016-01-18,2019-12-24,False
emp000783,493,48,8,13,EMP000783,2026-03-04,,True
emp000784,644,37,6,22,EMP000784,2022-07-18,,True
emp000785,739,26,5,19,EMP000785,2024-04-21,,True
emp000786,894,46,4,7,EMP000786,2019-11-23,,True
emp000787,260,41,9,19,EMP000787,2024-12-19,,True
emp000788,753,27,5,10,EMP000788,2021-01-17,,True
emp000789,949,41,9,33,EMP000789,2021-02-27,,True
emp000790,741,46,3,33,EMP000790,2015-06-25,,True
emp000791,798,29,4,30,EMP000791,2017-02-24,,True
emp000792,498,42,6,26,EMP000792,2021-05-16,,True
emp000793,797,1,7,20,EMP000793,2015-10-14,,True
emp000794,456,38,3,17,EMP000794,2024-05-22,,True
emp000795,624,33,5,15,EMP000795,2022-01-19,,True
emp000796,202,32,9,26,EMP000796,2023-10-25,,True
emp000797,387,44,1,2,EMP000797,2017-11-15,,True
emp000798,925,47,5,38,EMP000798,2021-12-04,,True
emp000799,840,30,8,26,EMP000799,2024-12-17,,True
emp000800,593,46,1,11,EMP000800,2021-08-28,,True
emp000801,871,47,8,34,EMP000801,2025-09-28,,True
emp000802,210,47,1,4,EMP000802,2024-06-11,,True
emp000803,927,44,1,9,EMP000803,2025-01-18,,True
emp000804,230,42,6,26,EMP000804,2021-04-21,,True
emp000805,47,27,3,2,EMP000805,2024-07-20,,True
emp000806,521,49,3,21,EMP000806,2016-07-08,,True
emp000807,507,44,4,32,EMP000807,2024-06-11,,True
emp000808,505,40,9,34,EMP000808,2021-12-02,,True
emp000809,330,26,2,16,EMP000809,2016-11-08,,True
emp000810,302,48,8,12,EMP000810,2019-09-25,,True
emp000811,127,38,3,25,EMP000811,2020-08-01,,True
emp000812,411,44,6,11,EMP000812,2017-12-16,,True
emp000813,941,28,3,1,EMP000813,2017-03-09,,True
emp000814,355,27,5,12,EMP000814,2023-02-15,,True
emp000815,80,45,7,4,EMP000815,2019-01-25,,True
emp000816,621,29,6,23,EMP000816,2015-08-08,,True
emp000817,815,28,6,15,EMP000817,2020-12-14,,True
emp000818,648,28,9,4,EMP000818,2024-07-21,,True
emp000819,788,30,3,6,EMP000819,2018-01-05,,True
emp000820,733,42,1,40,EMP000820,2025-07-14,,True
emp000821,911,46,4,20,EMP000821,2026-05-18,,True
emp000822,716,34,8,13,EMP000822,2023-02-28,,True
emp000823,600,33,9,14,EMP000823,2016-08-18,,True
emp000824,18,38,4,40,EMP000824,2015-06-14,2019-07-25,False
emp000825,852,37,5,15,EMP000825,2019-05-07,,True
emp000826,991,34,1,17,EMP000826,2019-03-16,2025-07-27,False
emp000827,529,39,6,19,EMP000827,2019-01-08,,True
emp000828,723,48,5,8,EMP000828,2018-07-15,2021-02-03,False
emp000829,577,30,1,36,EMP000829,2026-05-26,,True
emp000830,281,49,3,2,EMP000830,2021-01-21,2024-05-23,False
emp000831,810,39,5,5,EMP000831,2020-02-14,,True
emp000832,639,30,2,24,EMP000832,2017-10-17,,True
emp000833,446,42,9,31,EMP000833,2018-04-16,,True
emp000834,406,46,7,16,EMP000834,2015-03-08,,True
emp000835,136,47,3,35,EMP000835,2026-05-15,,True
emp000836,512,40,6,12,EMP000836,2022-05-25,,True
emp000837,276,43,3,8,EMP000837,2017-07-16,,True
emp000838,523,35,9,31,EMP000838,2022-06-24,,True
emp000839,827,41,4,4,EMP000839,2015-05-04,,True
emp000840,478,30,7,38,EMP000840,2026-09-21,,True
emp000841,389,28,6,35,EMP000841,2024-06-23,,True
emp000842,611,27,8,15,EMP000842,2020-09-25,2025-12-28,False
emp000843,370,30,4,2,EMP000843,2015-06-07,,True
emp000844,51,45,1,28,EMP000844,2023-10-10,2025-01-02,False
emp000845,674,1,1,16,EMP000845,2022-02-08,,True
emp000846,916,1,7,40,EMP000846,2023-10-11,,True
emp000847,796,1,9,23,EMP000847,2026-02-27,,True
emp000848,678,28,8,15,EMP000848,2017-08-24,2020-03-24,False
emp000849,309,26,6,5,EMP000849,2020-06-14,,True
emp000850,814,39,2,28,EMP000850,2025-08-16,,True
emp000851,504,27,6,27,EMP000851,2020-03-07,,True
emp000852,789,39,8,27,EMP000852,2018-08-23,,True
emp000853,34,49,3,18,EMP000853,2020-03-09,,True
emp000854,369,29,4,4,EMP000854,2022-09-20,,True
emp000855,251,39,7,4,EMP000855,2023-11-14,,True
emp000856,193,29,2,35,EMP000856,2020-06-09,,True
emp000857,375,32,3,31,EMP000857,2022-09-24,,True
emp000858,747,27,3,24,EMP000858,2024-04-27,,True
emp000859,530,49,2,24,EMP000859,2025-07-23,,True
emp000860,293,49,2,32,EMP000860,2024-05-26,,True
emp000861,730,36,3,28,EMP000861,2021-11-04,,True
emp000862,706,33,7,27,EMP000862,2023-07-28,,True
emp000863,570,29,3,13,EMP000863,2018-07-23,,True
emp000864,851,29,1,24,EMP000864,2016-06-17,,True
emp000865,183,42,8,9,EMP000865,2023-11-05,,True
emp000866,544,33,1,1,EMP000866,2020-03-17,,True
emp000867,766,42,2,24,EMP000867,2024-01-03,,True
emp000868,275,43,2,23,EMP000868,2020-07-03,,True
emp000869,516,42,9,31,EMP000869,2017-09-05,2018-03-24,False
emp000870,587,1,4,28,EMP000870,2025-02-05,,True
emp000871,842,36,6,37,EMP000871,2016-03-25,2018-10-03,False
emp000872,249,43,3,9,EMP000872,2016-06-28,,True
emp000873,877,31,7,26,EMP000873,2018-04-04,,True
emp000874,67,29,7,40,EMP000874,2026-06-13,,True
emp000875,752,48,1,37,EMP000875,2019-06-10,,True
emp000876,928,38,8,36,EMP000876,2021-08-28,,True
emp000877,999,46,9,4,EMP000877,2020-02-04,,True
emp000878,17,30,8,17,EMP000878,2016-06-03,,True
emp000879,424,47,5,28,EMP000879,2016-09-17,,True
emp000880,19,41,5,29,EMP000880,2016-01-03,,True
emp000881,599,28,7,36,EMP000881,2020-09-25,,True
emp000882,787,37,3,1,EMP000882,2020-05-23,,True
emp000883,308,39,8,39,EMP000883,2018-12-09,2019-12-08,False
emp000884,782,40,8,13,EMP000884,2021-01-12,,True
emp000885,831,43,3,39,EMP000885,2023-08-06,,True
emp000886,945,29,2,2,EMP000886,2024-05-27,,True
emp000887,262,29,3,30,EMP000887,2025-05-01,,True
emp000888,511,33,7,9,EMP000888,2018-03-22,,True
emp000889,535,41,1,17,EMP000889,2020-04-23,2026-09-06,False
emp000890,736,30,1,20,EMP000890,2025-02-11,,True
emp000891,471,42,6,30,EMP000891,2017-04-22,,True
emp000892,205,42,3,21,EMP000892,2017-01-21,,True
emp000893,849,28,4,9,EMP000893,2022-04-19,2023-03-15,False
emp000894,159,40,7,20,EMP000894,2024-12-17,,True
emp000895,707,48,1,19,EMP000895,2026-04-21,,True
emp000896,418,44,1,17,EMP000896,2026-07-05,,True
emp000897,642,40,8,7,EMP000897,2022-03-18,,True
emp000898,656,40,1,17,EMP000898,2024-07-26,,True
emp000899,615,42,5,20,EMP000899,2017-08-07,2020-06-09,False
emp000900,893,40,1,22,EMP000900,2016-01-25,,True
emp000901,323,27,6,28,EMP000901,2017-08-16,,True
emp000902,785,37,2,28,EMP000902,2019-11-20,,True
emp000903,143,34,3,15,EMP000903,2020-10-09,2021-04-17,False
emp000904,367,31,8,8,EMP000904,2023-06-23,,True
emp000905,364,31,8,12,EMP000905,2015-12-22,,True
emp000906,970,37,6,6,EMP000906,2022-03-14,,True
emp000907,717,28,1,33,EMP000907,2025-03-25,,True
emp000908,665,29,3,9,EMP000908,2024-07-24,,True
emp000909,246,31,9,18,EMP000909,2024-08-27,,True
emp000910,432,39,8,39,EMP000910,2024-02-19,,True
emp000911,399,1,4,34,EMP000911,2024-08-11,,True
emp000912,254,45,4,33,EMP000912,2023-12-15,,True
emp000913,948,31,6,5,EMP000913,2017-06-25,,True
emp000914,691,46,1,28,EMP000914,2018-10-04,,True
emp000915,284,30,6,39,EMP000915,2022-05-28,,True
emp000916,545,38,4,25,EMP000916,2026-09-17,,True
emp000917,636,31,3,23,EMP000917,2021-12-17,,True
emp000918,102,47,1,5,EMP000918,2026-07-16,,True
emp000919,201,38,5,12,EMP000919,2015-02-08,2018-11-04,False
emp000920,581,29,2,27,EMP000920,2018-04-08,,True
emp000921,760,29,7,26,EMP000921,2024-12-18,,True
emp000922,123,28,1,9,EMP000922,2019-08-07,,True
emp000923,257,34,1,28,EMP000923,2024-04-04,,True
emp000924,860,33,6,29,EMP000924,2025-10-17,,True
emp000925,277,35,7,12,EMP000925,2020-03-28,,True
emp000926,390,41,6,9,EMP000926,2022-06-13,,True
emp000927,853,26,1,26,EMP000927,2026-09-28,,True
emp000928,452,41,9,25,EMP000928,2015-11-11,2019-09-06,False
emp000929,726,26,4,25,EMP000929,2026-05-27,,True
emp000930,267,32,4,33,EMP000930,2026-02-15,,True
emp000931,11,47,5,34,EMP000931,2024-06-06,,True
emp000932,848,29,1,15,EMP000932,2021-05-14,,True
emp000933,756,47,3,32,EMP000933,2020-09-25,,True
emp000934,311,39,3,35,EMP000934,2017-06-13,,True
emp000935,509,44,4,15,EMP000935,2020-02-22,,True
emp000936,479,27,5,36,EMP000936,2021-03-02,2026-05-23,False
emp000937,725,44,3,12,EMP000937,2025-12-02,,True
emp000938,791,37,7,37,EMP000938,2019-11-08,,True
emp000939,640,39,2,5,EMP000939,2018-10-03,,True
emp000940,247,31,2,19,EMP000940,2017-09-20,2020-10-21,False
emp000941,244,44,9,35,EMP000941,2021-06-10,,True
emp000942,527,43,4,10,EMP000942,2021-09-14,,True
emp000943,325,26,2,40,EMP000943,2023-07-24,,True
emp000944,483,1,1,30,EMP000944,2015-06-20,,True
emp000945,898,48,9,20,EMP000945,2019-09-21,,True
emp000946,197,49,3,35,EMP000946,2022-10-06,,True
emp000947,543,28,3,20,EMP000947,2018-12-08,,True
emp000948,720,37,7,17,EMP000948,2022-10-09,,True
emp000949,918,29,8,18,EMP000949,2018-07-09,2020-04-28,False
emp000950,366,46,5,11,EMP000950,2018-04-10,,True
emp000951,359,1,4,5,EMP000951,2015-10-06,,True
emp000952,252,45,8,6,EMP000952,2021-03-03,,True
emp000953,847,47,6,17,EMP000953,2015-12-02,,True
emp000954,225,40,7,10,EMP000954,2018-06-18,,True
emp000955,803,26,7,15,EMP000955,2024-04-22,,True
emp000956,15,37,7,40,EMP000956,2024-02-04,,True
emp000957,482,41,3,33,EMP000957,2015-04-25,,True
emp000958,869,36,7,6,EMP000958,2022-10-15,,True
emp000959,329,27,5,8,EMP000959,2015-10-15,,True
emp000960,365,31,3,3,EMP000960,2015-05-14,,True
emp000961,171,26,8,2,EMP000961,2018-06-13,,True
emp000962,233,44,9,23,EMP000962,2023-04-08,,True
emp000963,571,38,9,32,EMP000963,2018-02-13,,True
emp000964,107,31,9,12,EMP000964,2025-12-01,,True
emp000965,55,48,2,36,EMP000965,2018-11-27,,True
emp000966,339,42,6,29,EMP000966,2025-11-13,,True
emp000967,909,43,5,29,EMP000967,2021-05-12,,True
emp000968,73,28,9,39,EMP000968,2022-11-16,,True
emp000969,93,47,9,14,EMP000969,2023-07-17,,True
emp000970,661,49,2,27,EMP000970,2022-07-22,,True
emp000971,401,34,3,2,EMP000971,2019-06-20,,True
emp000972,933,41,6,7,EMP000972,2021-12-28,,True
emp000973,450,34,8,14,EMP000973,2021-01-02,,True
emp000974,833,46,6,3,EMP000974,2020-09-17,,True
emp000975,48,27,7,4,EMP000975,2017-04-17,,True
emp000976,4,29,7,3,EMP000976,2018-02-22,2022-01-13,False
emp000977,129,48,2,37,EMP000977,2017-06-27,2018-02-23,False
emp000978,90,1,5,9,EMP000978,2025-07-14,,True
emp000979,715,1,3,25,EMP000979,2020-07-20,,True
emp000980,481,40,9,23,EMP000980,2022-07-06,,True
emp000981,454,38,8,5,EMP000981,2025-03-22,,True
emp000982,44,39,3,11,EMP000982,2021-03-04,,True
emp000983,734,36,1,6,EMP000983,2017-01-21,,True
emp000984,633,27,9,21,EMP000984,2023-05-22,,True
emp000985,486,42,7,16,EMP000985,2023-09-10,,True
emp000986,510,47,6,29,EMP000986,2025-07-18,,True
emp000987,835,29,9,29,EMP000987,2019-07-10,,True
emp000988,303,40,8,36,EMP000988,2016-05-17,,True
emp000989,541,36,9,35,EMP000989,2016-05-20,,True
emp000990,315,49,9,33,EMP000990,2026-07-28,,True
emp000991,989,29,9,37,EMP000991,2026-09-25,,True
emp000992,337,45,8,29,EMP000992,2020-04-08,2026-01-30,False
emp000993,131,29,9,18,EMP000993,2017-07-17,,True
emp000994,376,48,9,21,EMP000994,2020-07-24,,True
emp000995,881,43,1,28,EMP000995,2025-11-18,,True
emp000996,627,32,8,36,EMP000996,2024-05-25,,True
emp000997,358,40,9,1,EMP000997,2021-06-02,,True
emp000998,196,35,3,37,EMP000998,2022-05-09,,True
emp000999,556,49,4,10,EMP000999,2015-07-09,,True
emp001000,942,35,9,3,EMP001000,2016-02-14,,True
