person_id,identity_type,identity_number,is_verified,remarks
352,1,702307510479,1,
352,2,UNYTH7859P,1,
884,1,361262639543,0,
884,2,AJTTZ9090V,0,
841,1,481231059546,0,
841,2,FETXN2222F,0,
864,1,309763616426,1,
864,2,MPUBL3758N,1,
82,1,191788645679,0,
82,2,RQSOW8566A,1,
773,1,486268015173,0,
773,2,DBVBC5179O,0,
668,1,761513531821,0,
668,2,UDMNY3982F,1,
668,3,A4930084,1,
750,1,908271316518,0,
750,2,KOEQG6831U,0,
795,1,739112100426,0,
795,2,GIDTI4575I,1,
253,1,862370308697,1,
253,2,ROGLN9551P,1,
501,1,945186723396,1,
501,2,UGQCF1321U,1,
540,1,326393928935,0,
540,2,ZAFVA4368K,1,
113,1,819205958715,0,
113,2,ODNQN7588B,1,
209,1,127904129044,1,
209,2,UUSDC9459W,0,
209,3,W8022007,1,
605,1,712515586630,1,
605,2,RXCUS6686H,0,
605,3,D2846023,0,
793,1,891514883511,1,
793,2,OUEWM2027F,1,
560,1,617656007665,1,
560,2,GBMYP6108N,0,
818,1,603309682902,1,
818,2,FBIUH4142I,1,
818,3,A3167173,0,
147,1,938578006948,0,
147,2,PELGE5680Y,0,
287,1,233121293570,1,
287,2,WZVFS2187V,0,
245,1,470260567802,0,
245,2,QAUWU8958R,0,
245,3,Z7433359,0,
166,1,333764621077,1,
166,2,PGRKQ9934N,0,
755,1,380936272313,0,
755,2,GNGYM6149S,0,
755,3,I8403971,0,
157,1,142821619072,1,
157,2,VNFEX6322U,0,
936,1,815345193441,1,
936,2,VZVHS2583G,1,
936,3,A5237438,1,
167,1,100067938836,1,
167,2,NXYKF9193T,1,
167,3,M3741285,0,
76,1,728637834633,1,
76,2,FFVTT3945X,0,
328,1,490670221713,1,
328,2,LFSHM9826F,1,
328,3,X6058985,1,
580,1,446951257219,1,
580,2,PTIXF6724W,0,
31,1,172299722153,0,
31,2,CKEFG6694I,1,
377,1,158470947176,1,
377,2,TSJTG9724P,1,
870,1,971133649444,1,
870,2,VYAFA8094Z,1,
336,1,772314108303,1,
336,2,MOQDE8234E,0,
980,1,639234036248,0,
980,2,FYVHZ2012W,0,
212,1,691122463317,0,
212,2,PIDLU7874O,1,
892,1,945207079497,0,
892,2,UUTVF3612J,0,
892,3,M2471927,1,
177,1,331944418222,0,
177,2,WFIHP1837G,0,
177,3,G9692496,0,
175,1,354116407355,1,
175,2,OZCFY6454Y,1,
41,1,457982226591,1,
41,2,RZUVK7819F,0,
288,1,143590073347,1,
288,2,UJUYI5378I,1,
288,3,W2191221,1,
874,1,576685000242,0,
874,2,PFXAO8759P,1,
204,1,170932154404,1,
204,2,RTQUO7748Z,0,
204,3,R2616060,0,
712,1,161898328543,0,
712,2,ZBOLM2421H,0,
712,3,Y6345329,1,
670,1,916108893205,1,
670,2,RGMMX3955N,1,
670,3,T6733767,1,
681,1,325562082008,0,
681,2,RDCVM9323Y,1,
194,1,568326953849,0,
194,2,NRFHA6774M,1,
187,1,819876159746,1,
187,2,LPEYE9076Z,0,
649,1,655835737067,0,
649,2,BCFIZ5970L,1,
609,1,778155813681,0,
609,2,MOYGI8141W,1,
609,3,T9474346,0,
526,1,373928450153,1,
526,2,XBBME4089A,1,
526,3,K9361526,0,
396,1,641977279904,1,
396,2,TRZAR2406G,0,
331,1,392428407945,0,
331,2,GXZYB8762Z,1,
331,3,B9646273,1,
868,1,171199834976,0,
868,2,GNNRP8854I,0,
783,1,410061757811,0,
783,2,WVJIU5100B,1,
783,3,D2806894,0,
273,1,947773841973,0,
273,2,OKQGI5898I,1,
273,3,P3076163,0,
327,1,504084320339,0,
327,2,EJUGF1410H,1,
542,1,956740715344,1,
542,2,JYHYV7840B,1,
326,1,258095351422,0,
326,2,TBRPH3272L,0,
348,1,871421712027,0,
348,2,DKGMX3149S,1,
226,1,523119096059,0,
226,2,KQDON1583V,1,
832,1,653429819992,1,
832,2,ABIVN8561G,1,
981,1,614701134347,0,
981,2,GAMED7031D,1,
618,1,799282475268,0,
618,2,BZDNV7743U,1,
934,1,219203862806,0,
934,2,ZGZEM8658F,0,
743,1,215095500349,1,
743,2,MGFIM5837Y,0,
585,1,625557476790,0,
585,2,IUHTI1016D,0,
164,1,746207340412,0,
164,2,WTAUM1459T,1,
414,1,804711788546,1,
414,2,VZOMF4741Q,1,
414,3,G9357405,0,
769,1,406523738846,0,
769,2,WLOIA9044J,0,
96,1,131039379923,0,
96,2,FCJSQ7368P,0,
96,3,T6223656,0,
888,1,473591428696,1,
888,2,PADEZ4742M,1,
652,1,977732213750,0,
652,2,LLZIW2612E,0,
652,3,F1349738,1,
825,1,826685879158,0,
825,2,EAKVW7363A,1,
8,1,550564133028,1,
8,2,DLFPY3371M,1,
595,1,226991153737,1,
595,2,FCBCW4495F,1,
595,3,B3625788,0,
69,1,171166533162,1,
69,2,YANEV9338U,0,
69,3,C7681557,0,
220,1,236347675853,0,
220,2,GHYRX8443X,1,
16,1,757826822404,1,
16,2,LJXXV8256H,1,
16,3,M1157521,0,
407,1,276085896889,0,
407,2,JRQZQ4629Y,0,
469,1,853341627892,0,
469,2,BWMOL2681C,0,
469,3,I3514574,1,
880,1,424510326555,1,
880,2,ITQOE3855E,1,
344,1,832461668036,0,
344,2,VTNQJ4445N,1,
947,1,559154272551,0,
947,2,VIBMK4682F,1,
883,1,985046495683,1,
883,2,QKYCL8375M,0,
229,1,214007775728,0,
229,2,PERZZ1758H,1,
229,3,O5586980,0,
137,1,888062082586,0,
137,2,YVFCZ6263T,1,
778,1,307401202349,1,
778,2,BBPCD7990J,0,
532,1,791589940564,0,
532,2,ZVKTZ5075F,1,
59,1,614970384792,0,
59,2,ZTIQB7540E,0,
59,3,X8916163,1,
7,1,537207149481,0,
7,2,JCZZE5951U,0,
7,3,P5289784,1,
549,1,663428838538,0,
549,2,TCPCK4866S,0,
549,3,H8614391,0,
978,1,371175532831,0,
978,2,IQCUV1012R,1,
332,1,373702191754,1,
332,2,HYMBA3885O,1,
9,1,680677566314,0,
9,2,QZIOO7892K,0,
9,3,A3282017,1,
914,1,117696809548,0,
914,2,MHPCV1353X,1,
623,1,696391438803,0,
623,2,UZTYN8992X,0,
623,3,I9827285,0,
592,1,890666611973,0,
592,2,IYLZK4976T,0,
372,1,260972777659,1,
372,2,HYFAA5621K,1,
372,3,A3734341,1,
485,1,546862601519,1,
485,2,MIDDF1756A,0,
669,1,285476795112,1,
669,2,DCKPX3455J,0,
669,3,B8789397,0,
168,1,592193813484,1,
168,2,GYZGT1971S,0,
612,1,883694389775,1,
612,2,ODEXO6875N,1,
99,1,532778310319,0,
99,2,PTQSC4488U,1,
729,1,524295736685,0,
729,2,IWINE2866X,0,
87,1,152235895679,1,
87,2,BNCPC1062W,0,
937,1,842245851999,1,
937,2,NVDLO6827J,1,
687,1,306831604468,1,
687,2,DVRBF6332N,0,
687,3,E1474553,1,
460,1,950955282933,1,
460,2,IKAVG6063B,1,
891,1,793150060991,0,
891,2,TRZAZ8989W,0,
255,1,111889076061,1,
255,2,JWYZN3504N,1,
447,1,590121368760,1,
447,2,UPUXD9889E,0,
447,3,H7200054,0,
12,1,342801374495,0,
12,2,FDUMD6134N,1,
12,3,C9155166,1,
932,1,191152655287,0,
932,2,GVFTS7871S,0,
608,1,406953715056,1,
608,2,RCWNK3302O,0,
608,3,E4145694,1,
222,1,781978663080,1,
222,2,EALZD9054H,0,
912,1,200978838460,1,
912,2,BFCET7644M,1,
912,3,U3719976,0,
685,1,568294601278,0,
685,2,MVKZJ5790K,0,
685,3,K3175348,1,
404,1,324888819557,0,
404,2,YVUBN7842U,0,
114,1,607390661828,0,
114,2,OEQRH9943J,1,
426,1,836424253072,1,
426,2,TQKJE9677G,0,
426,3,J9029063,1,
858,1,765940912725,1,
858,2,EDRWB3193C,1,
792,1,354346448629,0,
792,2,ATTUL7037D,0,
620,1,750264633773,0,
620,2,DQLHR1150H,1,
435,1,733596280810,0,
435,2,QEKOF7812J,1,
724,1,552357717709,0,
724,2,SEQHR8227E,0,
634,1,976122762825,0,
634,2,FQYUG1802M,0,
163,1,543109354826,1,
163,2,HQFTS8288T,0,
477,1,427058296728,1,
477,2,DQFBG1269L,1,
855,1,234046490044,1,
855,2,VPFOY6029V,0,
71,1,270459270226,1,
71,2,LKOCO5704S,1,
444,1,134894853389,1,
444,2,MZQGA1604G,1,
343,1,386045889623,1,
343,2,BYUTJ5763Z,1,
484,1,804423015146,1,
484,2,NHWMG9592X,0,
695,1,131588648008,1,
695,2,WJPRK3188Z,0,
5,1,145913203729,1,
5,2,DAMWX1051K,1,
953,1,214305959678,0,
953,2,GYHCM4158G,1,
895,1,623899799709,1,
895,2,KSTQS3667Z,1,
895,3,S7269097,0,
110,1,263540468936,1,
110,2,PZFAX7808D,0,
688,1,594588144892,1,
688,2,SOQPB3771C,0,
121,1,279898541310,0,
121,2,VVUJY3936H,0,
121,3,G8943329,1,
382,1,166169788299,0,
382,2,JBAUU1060U,1,
265,1,204318250803,0,
265,2,CODBX5518I,0,
265,3,C7908232,0,
37,1,782071481562,1,
37,2,YPWJP2013Z,1,
39,1,553526107290,0,
39,2,GIAFS4763Q,1,
794,1,906428702786,0,
794,2,DNNRN8409X,0,
794,3,D4993985,0,
969,1,755330926033,1,
969,2,MJNZR1547M,1,
962,1,704057892028,0,
962,2,YYSRZ7958F,1,
962,3,A6383761,0,
68,1,681296254815,0,
68,2,LWUNU8269L,1,
513,1,171240055381,0,
513,2,LZYQC2772Q,1,
513,3,C4591439,0,
270,1,215902317824,1,
270,2,IRAPJ3800F,0,
392,1,341136556613,0,
392,2,BCNOO8377B,0,
392,3,Z5889202,0,
53,1,448599524646,1,
53,2,JGFFI7240V,0,
192,1,588575871621,1,
192,2,HAGSY5012O,1,
192,3,A5280466,0,
86,1,772825958620,1,
86,2,HVJLF2889F,1,
436,1,426402835651,1,
436,2,OOMAZ2014L,0,
955,1,858018533236,0,
955,2,MVVHD8765C,1,
955,3,J9974606,1,
397,1,135488534442,1,
397,2,AFBWR4201C,1,
397,3,B5348416,0,
742,1,784318274101,1,
742,2,LSELP8143E,0,
573,1,388175890291,1,
573,2,ODDTC6359G,0,
573,3,L4804686,0,
218,1,479272954135,1,
218,2,NQGEO5815C,1,
780,1,807344527468,1,
780,2,GJCNI1476D,1,
40,1,594511114976,1,
40,2,MKXFT5303N,1,
767,1,579469366560,1,
767,2,BSQFW6840Q,0,
496,1,140096146967,0,
496,2,OTOQL6116E,0,
459,1,202149038907,1,
459,2,INJKX4528A,0,
854,1,557827667685,1,
854,2,XYIGP2005V,1,
561,1,690388121021,0,
561,2,LSAXC9545W,0,
561,3,K1932286,1,
2,1,491402664117,1,
2,2,JQQAG4784J,0,
919,1,845698416526,1,
919,2,GUYAA1333Z,0,
65,1,202138297925,0,
65,2,HGFQW6776G,1,
65,3,H9314657,0,
805,1,535224697704,1,
805,2,YOKKN6698W,0,
805,3,L9815962,0,
675,1,368844772274,0,
675,2,VBWJI2081S,0,
984,1,800577312106,1,
984,2,OOKAH5243T,0,
921,1,884038388961,0,
921,2,KVRJR9762H,1,
20,1,787447764163,0,
20,2,WEROS1313C,1,
203,1,667734615787,1,
203,2,OHKOG9305J,1,
32,1,445206313144,1,
32,2,DPQDU4673V,1,
32,3,V1480413,0,
987,1,560989827231,0,
987,2,NPXPC9959E,1,
629,1,520026137803,1,
629,2,VIODY2695I,0,
922,1,834809024906,0,
922,2,ZWQFN8227K,0,
922,3,L6147525,1,
431,1,134794698567,0,
431,2,ZHVTY1282G,1,
431,3,S3472540,1,
429,1,860366783596,0,
429,2,FKZFU4327M,0,
693,1,221176810936,1,
693,2,CQDDX9544H,1,
697,1,515656885524,0,
697,2,UNWVA5942E,0,
697,3,N3763398,1,
801,1,474274142477,0,
801,2,GSLZC8079T,0,
684,1,950978162478,0,
684,2,ULNVE2584V,1,
298,1,889887628072,1,
298,2,JRVTM7694N,0,
630,1,103720381361,1,
630,2,KATUL8939E,1,
130,1,811692348843,0,
130,2,GETBW1222V,0,
591,1,223056127350,0,
591,2,TEVSN8796Y,1,
211,1,996026301162,1,
211,2,GDQHQ5554T,1,
499,1,585219131195,0,
499,2,LEIAY4451P,1,
499,3,S7918355,0,
422,1,860915462558,1,
422,2,SOOYP7545T,1,
421,1,518071844788,1,
421,2,QLZST7463Y,1,
54,1,958133477771,1,
54,2,VWYVF3555N,1,
408,1,234926160480,1,
408,2,SEACY7405C,0,
408,3,U5607002,1,
77,1,911202678563,0,
77,2,OQJMG4263R,1,
77,3,M6442359,0,
990,1,451160366411,1,
990,2,ROJDC3400F,1,
990,3,G8410071,1,
703,1,585185689147,0,
703,2,BXSZP7124U,1,
998,1,111670798256,1,
998,2,THECP8263N,1,
268,1,639479579868,1,
268,2,JGOGF9820F,1,
757,1,863223873815,1,
757,2,YOSSL3481P,1,
312,1,291647846035,1,
312,2,HRGYO8593P,1,
124,1,509669336455,0,
124,2,YWHJC5656G,1,
307,1,947355664289,1,
307,2,FSNKF8264J,0,
500,1,491672875495,1,
500,2,GZESH9318T,1,
813,1,141849758930,0,
813,2,KZIES5915U,0,
140,1,402427764916,0,
140,2,TBHII8319Y,0,
614,1,331275480483,0,
614,2,BMGJE4711X,0,
316,1,843892335248,0,
316,2,HDTGX5623A,0,
976,1,628286588431,0,
976,2,NMHNH8018H,0,
976,3,G8296852,1,
295,1,947656362968,1,
295,2,QZSOI1644Z,1,
539,1,976725353072,1,
539,2,GJFDD8472B,0,
219,1,453259284321,1,
219,2,LHPAR9156B,0,
319,1,631276972177,0,
319,2,PQCRN7400W,1,
607,1,364906256889,0,
607,2,SRASF9523L,1,
184,1,338399694676,0,
184,2,MFKGI9761W,1,
184,3,N6912431,1,
56,1,391581872012,0,
56,2,WYNTS4641U,0,
604,1,353614044553,1,
604,2,EGEKM2963S,0,
29,1,627345539191,0,
29,2,RNLZJ9473S,0,
125,1,769712425369,1,
125,2,LUWZI8814P,0,
125,3,A8553391,0,
105,1,466327985743,1,
105,2,NBUFZ4879M,0,
680,1,399496152820,1,
680,2,MEPEM5040D,1,
362,1,521150977245,0,
362,2,SPRZY9092B,0,
557,1,981389243170,0,
557,2,CHVSA7360C,0,
85,1,410050558784,1,
85,2,CEBGW5023O,0,
719,1,730824193915,0,
719,2,UZPDO2550V,1,
508,1,590817744013,1,
508,2,FIVRR2831P,0,
106,1,764058057285,0,
106,2,XHHVG5174A,1,
582,1,115262155559,0,
582,2,URLFR2451I,1,
929,1,367243846030,0,
929,2,ZNDBG5541P,0,
488,1,316694701997,0,
488,2,RFREE6338A,1,
709,1,135806746460,0,
709,2,EKOEX1433N,0,
677,1,225545472543,0,
677,2,PFLPQ2403J,1,
320,1,340443356584,0,
320,2,LDJGY3748Q,1,
320,3,U6740024,0,
554,1,174739089210,0,
554,2,APCZT2535F,0,
900,1,896451391526,0,
900,2,AXMAO9007Z,1,
900,3,R9922799,0,
702,1,856186043439,0,
702,2,CPQRI9925V,1,
915,1,493821064186,1,
915,2,WEVUY4603Y,0,
915,3,I2487225,1,
79,1,852069108987,1,
79,2,WJDLY5779A,0,
433,1,172060062479,0,
433,2,JVWQZ3601F,1,
433,3,Y8863689,1,
400,1,809722067500,1,
400,2,IOVYB2623L,1,
108,1,405972508688,0,
108,2,CYGSP6843B,0,
242,1,154333348559,0,
242,2,WKZHD3328M,1,
242,3,Z9985175,0,
165,1,204262451871,0,
165,2,VNPOH4089H,1,
491,1,122490546291,1,
491,2,YWONN2519J,1,
816,1,994671940217,0,
816,2,SNLLH2796A,0,
664,1,948111235364,1,
664,2,WUCPN8581M,1,
551,1,261768012218,1,
551,2,GNQVK1129L,1,
57,1,692018217554,1,
57,2,MAIWH1500N,0,
283,1,734758428469,1,
283,2,SXUBW3223Y,1,
555,1,645128368886,0,
555,2,BCVIE4002S,1,
555,3,R9128432,0,
770,1,649954604552,1,
770,2,SSYRY3681Z,0,
538,1,442271477035,0,
538,2,CFMJY6304D,0,
538,3,Y3282581,0,
876,1,670258258533,0,
876,2,XYNCW8097F,1,
876,3,Y5517677,0,
653,1,198473135880,0,
653,2,UFYOK4700C,1,
3,1,339654102267,1,
3,2,LBEFD4828F,1,
419,1,476790198570,1,
419,2,LRLLI5654X,0,
711,1,170259957360,0,
711,2,GZWZJ2043L,1,
594,1,989605681356,0,
594,2,CDWCH7231M,1,
224,1,847582304262,0,
224,2,RTKBI8554P,1,
321,1,176950252976,1,
321,2,KUUVA5487J,0,
256,1,173979535755,0,
256,2,TVVDZ4673W,0,
679,1,962170847527,0,
679,2,GMLGP4292J,0,
679,3,S5893606,1,
28,1,294229999383,1,
28,2,TCHPT2695V,1,
775,1,627392620841,1,
775,2,HGUZI9816E,0,
151,1,375981029805,1,
151,2,EQLVK1211L,0,
151,3,P4725820,1,
214,1,437519176707,1,
214,2,DUCXR8321A,1,
956,1,674628297152,0,
956,2,LRBBF5616S,0,
10,1,248854951962,0,
10,2,OVIFC4941E,0,
139,1,595168536622,0,
139,2,IFARB9008D,0,
974,1,663172633517,1,
974,2,DITHK4143B,1,
974,3,P4810709,1,
938,1,398319169978,1,
938,2,VBVUM1688J,1,
986,1,429953131296,0,
986,2,PLPGN2621Q,0,
986,3,N9745798,1,
972,1,759684335761,1,
972,2,UNCHH8472S,0,
972,3,W5096459,1,
519,1,967422811215,0,
519,2,ADSQH9401T,0,
200,1,490279228954,0,
200,2,XIUPA7756Z,1,
963,1,378786700972,0,
963,2,XREVI1378T,0,
963,3,I2269548,1,
487,1,545711333966,1,
487,2,ARNUR6765F,1,
699,1,826569936256,1,
699,2,XKMAR1359R,1,
470,1,244727744152,1,
470,2,MTNRN4457C,0,
170,1,578976871573,1,
170,2,JMHKL6307S,0,
522,1,298448620594,0,
522,2,WMOZM8768U,0,
522,3,Q3757064,0,
565,1,643417155295,0,
565,2,PALJW9621R,0,
565,3,S6649635,1,
13,1,302969858484,1,
13,2,YELVE3131P,0,
626,1,712498631490,1,
626,2,DXCVR6207U,1,
626,3,M1626526,0,
227,1,896848396241,1,
227,2,SZROV4464E,1,
272,1,159087401172,0,
272,2,ZGNPO9069I,0,
134,1,645944911182,0,
134,2,LWMOI8830T,0,
967,1,963153782857,0,
967,2,OYXMR6949E,0,
374,1,417475779869,0,
374,2,WTEIN2983A,0,
637,1,542515996205,0,
637,2,JTJVZ7789R,0,
266,1,813342875814,1,
266,2,QIDFR2515Q,0,
897,1,771349050671,1,
897,2,LAITO6312C,0,
763,1,577498876526,0,
763,2,NBHHB3170M,0,
357,1,210920700036,1,
357,2,WVNGD2989S,0,
334,1,197729293179,1,
334,2,KIIGG1754I,1,
438,1,949115509013,0,
438,2,KEFYM3380U,1,
952,1,102404173862,1,
952,2,XBYBD5748A,1,
112,1,521222033539,1,
112,2,FGRGP8875V,0,
221,1,312725971707,0,
221,2,DOUIT5799P,1,
442,1,125023214005,0,
442,2,VCLNV4652K,0,
442,3,E5901822,1,
423,1,103691382465,1,
423,2,LPASN9316Y,0,
982,1,386783463687,0,
982,2,KANVS7964G,1,
924,1,651664740868,1,
924,2,RQQCU4964K,1,
924,3,N4314719,1,
91,1,846626593216,1,
91,2,COVJY9099Q,0,
91,3,K6782981,0,
386,1,155346372290,0,
386,2,ZLUGG6845Z,0,
403,1,851772832287,1,
403,2,KOMBW3769E,1,
101,1,532919631431,0,
101,2,QQLZI4175D,0,
208,1,536626058788,0,
208,2,KWNWY1534C,1,
208,3,M2817747,1,
206,1,535350767473,0,
206,2,QBFNM1973Q,0,
231,1,344272021967,1,
231,2,SKDOH6017R,1,
650,1,680833038588,1,
650,2,ZXUVS7571Y,1,
100,1,103394249476,0,
100,2,UILDH9225L,0,
299,1,246403879072,0,
299,2,MUQSU9436I,0,
786,1,471455960886,1,
786,2,TZOUW5860B,0,
461,1,423023352130,0,
461,2,VNNAU1375X,1,
524,1,725124884953,1,
524,2,QAMDG7580Q,1,
174,1,440638306431,1,
174,2,QVTME4443I,1,
174,3,I5265678,0,
188,1,524409010462,1,
188,2,FDQAL3114R,0,
811,1,830782532659,1,
811,2,COJSD3539S,1,
811,3,G6753081,1,
449,1,906695923615,0,
449,2,YOCEZ2478S,0,
449,3,F3345875,0,
846,1,535847931981,0,
846,2,HUWWB4336C,1,
383,1,232898372875,0,
383,2,HSCOW1462F,0,
383,3,D6011466,1,
828,1,381534138167,0,
828,2,FLNUS3281O,1,
497,1,286408013248,1,
497,2,UNQWC4218G,0,
241,1,761105414051,1,
241,2,WLNYI9577I,1,
116,1,715907851927,0,
116,2,TFHYC1979E,1,
578,1,941706610523,0,
578,2,HDITD5971G,0,
473,1,794150249857,1,
473,2,IZXWT4097S,0,
547,1,977358295428,0,
547,2,NUBPO5734F,1,
547,3,L3976460,1,
667,1,678511442875,0,
667,2,ENEZK7604P,0,
574,1,313279975963,1,
574,2,TLZQZ5223Y,0,
45,1,634579808463,0,
45,2,SDUYQ7814O,1,
690,1,255827093433,1,
690,2,RZUOA1539N,1,
882,1,953830220990,0,
882,2,QSWOS4340O,1,
671,1,442342936760,0,
671,2,EYYOH2122V,0,
838,1,154766021254,0,
838,2,ORMYD1583C,0,
598,1,213595651921,0,
598,2,OPGYX6303F,0,
829,1,297849799018,0,
829,2,AOXMT2927Q,1,
240,1,655155183881,1,
240,2,IVWSE7357M,1,
240,3,D1468737,0,
89,1,681431203469,0,
89,2,ZDTZH9932Y,1,
710,1,819104542354,0,
710,2,DOADX1224P,0,
710,3,C1692140,1,
153,1,391526029064,1,
153,2,NKCPP3815L,0,
875,1,148226164084,0,
875,2,JRRQC6393N,1,
875,3,J6711424,0,
441,1,217276194118,0,
441,2,XDLBD2526L,1,
441,3,A6104504,1,
714,1,210669898318,0,
714,2,ONCAR5412B,1,
714,3,C7004328,0,
995,1,245503391122,1,
995,2,CNPYA2400O,1,
995,3,P2626805,1,
350,1,137863816320,0,
350,2,ZISMD4671F,0,
777,1,956225773973,1,
777,2,CIDYI1511I,1,
117,1,407150442029,1,
117,2,RONPN9113Z,0,
866,1,243043764367,0,
866,2,ENEBJ1517S,0,
126,1,778432381331,1,
126,2,WRWEA4374K,1,
126,3,J2385447,1,
943,1,655307337718,1,
943,2,SQNLZ1842E,0,
536,1,708593192472,0,
536,2,KEOJG8719R,1,
417,1,371126558134,1,
417,2,SPTHI3602Z,1,
417,3,A3655565,0,
696,1,813362482901,1,
696,2,ZVWHE2852O,0,
146,1,246738731319,1,
146,2,NIBIG3952Y,1,
146,3,Z5329030,0,
666,1,785224018225,0,
666,2,RLWSZ6831A,0,
115,1,835951013167,0,
115,2,DNICT8163V,1,
70,1,354122244486,1,
70,2,VKLFR5241P,1,
506,1,200254761415,0,
506,2,EHUIW3737F,0,
506,3,B3526403,1,
857,1,507407403250,1,
857,2,MCMVI3141N,1,
289,1,383512128852,1,
289,2,TEZRT1761L,0,
576,1,337172547482,1,
576,2,MGKRT6274K,1,
474,1,947871649592,1,
474,2,XOCQV4839R,1,
474,3,C8336660,1,
142,1,354409853810,1,
142,2,ZCEVJ7118A,0,
142,3,W3185782,0,
160,1,926807511026,1,
160,2,AORDC1911U,0,
158,1,674724825617,1,
158,2,HLXWM6272R,1,
589,1,628849219234,1,
589,2,YOVQH4783D,0,
957,1,540922453897,0,
957,2,LDHQI8246H,0,
169,1,669606923525,0,
169,2,IMJQY9800H,0,
169,3,X8010985,1,
380,1,833421605861,1,
380,2,BJKBK4065V,1,
537,1,448907951638,1,
537,2,VTFOO5945V,1,
617,1,705214879845,0,
617,2,NYUAI6796I,0,
342,1,242550355685,0,
342,2,FHXGG5436V,0,
824,1,224883746147,0,
824,2,MGGDW2470O,0,
297,1,541680311421,1,
297,2,DVZKY3887R,0,
297,3,E8339690,0,
867,1,418389922062,1,
867,2,AFHDX5868I,1,
285,1,145052343139,0,
285,2,LUUEH4520B,1,
133,1,510026851751,1,
133,2,ISKSE8563I,0,
133,3,K9019404,1,
269,1,738966204862,0,
269,2,CHJUB2975D,1,
258,1,395112965710,0,
258,2,FCOPF8288Z,1,
111,1,836037763757,1,
111,2,PBQLA7628L,0,
351,1,262923398767,0,
351,2,SBHRK8592I,0,
602,1,244309148176,0,
602,2,CQUED9676L,0,
304,1,198698931456,1,
304,2,LVTDK4096Z,0,
304,3,O3754287,0,
322,1,448928999688,0,
322,2,RBAXS5971Y,0,
234,1,946354373366,1,
234,2,QLHME1118S,1,
744,1,898888410591,0,
744,2,OOQFM2825Y,1,
35,1,837153240759,1,
35,2,VHVHH8621F,0,
186,1,909661822149,1,
186,2,AOFRN5733S,1,
186,3,W6851525,1,
74,1,187628714061,0,
74,2,DMDUI1754B,1,
738,1,706331435444,1,
738,2,IDUVR9529S,0,
738,3,I6074085,1,
584,1,330232983702,1,
584,2,OPVAT4070W,1,
954,1,383169765042,0,
954,2,LQYKM3171U,0,
425,1,159843275371,0,
425,2,CORCK4870K,0,
790,1,558623000041,1,
790,2,UTPJG6922S,1,
345,1,190285090838,0,
345,2,XSXRX7636N,0,
300,1,730616581714,0,
300,2,QAFEQ2667C,1,
300,3,G3028966,0,
120,1,719479374337,1,
120,2,SEYNJ2522N,1,
606,1,937548524480,1,
606,2,ZSBIC8568Y,1,
402,1,243451592136,0,
402,2,CWCFV9098F,0,
402,3,L5715485,0,
889,1,214681736525,1,
889,2,YLFON7282N,0,
889,3,C8838888,1,
333,1,332214989974,1,
333,2,AKMCM1145X,1,
333,3,V2611931,1,
22,1,714008817422,0,
22,2,IMXHT1796G,1,
902,1,933536029890,1,
902,2,NVINE7813D,1,
453,1,324199150464,1,
453,2,DVICL9507H,0,
468,1,355197738037,0,
468,2,KVKGZ4504X,0,
468,3,F4455148,0,
463,1,552667669786,1,
463,2,ZYIQA1909A,0,
586,1,106087950935,1,
586,2,FWLSB9661A,0,
586,3,R2864236,1,
859,1,779740860023,1,
859,2,ECRCJ4800C,1,
859,3,N6907556,1,
939,1,427237190948,1,
939,2,LQATD8272H,1,
704,1,875629575749,1,
704,2,BRMMA2380L,1,
103,1,592396005912,0,
103,2,BWZEL2603I,0,
223,1,158641889686,0,
223,2,MNZWD5777Q,1,
558,1,763518306690,0,
558,2,UVFMY9029H,1,
182,1,488525502050,1,
182,2,RHLKP6351K,1,
182,3,Z9563953,0,
445,1,444750998141,0,
445,2,WYTGO8519P,0,
445,3,L8699912,1,
821,1,400573548561,1,
821,2,TWOPS9527J,1,
98,1,753876035735,1,
98,2,AHPLX9611L,1,
98,3,S8834078,1,
638,1,266646182175,0,
638,2,HVRRS4967T,0,
310,1,956294886145,1,
310,2,CJRIP2954A,0,
819,1,481759047112,1,
819,2,THILC8934D,0,
819,3,Q4686769,0,
412,1,542894144503,1,
412,2,ZRJRB5177O,1,
412,3,F9866235,0,
415,1,554626004969,1,
415,2,CXKCG2218M,0,
415,3,V8048617,0,
839,1,608433343319,1,
839,2,SNOGA1456S,0,
812,1,558739663355,0,
812,2,TWYEX5766C,1,
862,1,710725183110,1,
862,2,ATZST7449K,1,
973,1,652222616258,1,
973,2,LYSOO6684F,1,
553,1,549991351525,0,
553,2,IXHAH9273T,1,
528,1,273309029653,0,
528,2,VCVGE8219O,0,
239,1,175715829468,1,
239,2,QENTR4877Y,0,
588,1,271497524421,1,
588,2,ANLCS2350X,1,
1000,1,361511271504,1,
1000,2,XOZVM8143X,1,
152,1,295114029042,1,
152,2,AYCCZ8648Y,1,
807,1,184192452783,1,
807,2,DENLC8494J,0,
518,1,264867328335,1,
518,2,REJGT5037J,0,
628,1,209745596500,1,
628,2,AENFD9150J,0,
514,1,493160441998,1,
514,2,BWFWV5643J,1,
907,1,346126845302,0,
907,2,DCPIR4866T,1,
907,3,Y4553786,1,
378,1,236472176513,1,
378,2,AXNQQ3286T,1,
590,1,106082466672,0,
590,2,IGJNE2214M,1,
590,3,I3852348,1,
215,1,723149278651,0,
215,2,ASXDY9327Q,1,
215,3,D4026075,1,
863,1,947863325317,0,
863,2,UQPLH5815X,1,
282,1,234975610751,0,
282,2,BBWFY5980R,0,
58,1,563683020645,1,
58,2,DQXTW9184C,0,
58,3,W3033614,0,
992,1,846069498172,0,
992,2,KRDOD3819T,1,
913,1,385021502746,1,
913,2,CIPRA6639G,1,
619,1,850542135386,1,
619,2,YCKCB3339Q,0,
619,3,X9988089,0,
749,1,598365813801,0,
749,2,QXQVJ7419A,1,
749,3,N4845674,1,
75,1,621470130708,1,
75,2,HGDBF7214N,1,
75,3,E9825564,0,
181,1,700289379720,0,
181,2,XNRUI4200M,1,
154,1,446196894974,0,
154,2,DFWEH6960M,0,
78,1,505716436616,0,
78,2,LQVOI9543B,1,
78,3,A8733101,0,
381,1,260369219215,1,
381,2,OUHUZ4552A,1,
503,1,911470029994,0,
503,2,LXFQJ7958P,1,
448,1,675581405427,1,
448,2,FQAZA4070P,1,
23,1,315611979501,0,
23,2,JPWKG7146B,1,
430,1,591535946105,1,
430,2,FEPAB7427U,0,
185,1,483054514135,1,
185,2,HTJYF1510O,0,
306,1,455340307489,0,
306,2,QZHZV4224Y,0,
46,1,599456754269,0,
46,2,LDUWN7792L,0,
672,1,419546530982,1,
672,2,LIZJQ9433V,0,
672,3,P6684666,1,
150,1,797664768712,1,
150,2,ASQNQ1517M,1,
263,1,360820528044,0,
263,2,HASZW2735T,0,
728,1,579495326325,1,
728,2,FOQRO3121I,0,
83,1,312551779650,0,
83,2,KJNNB2831Z,1,
610,1,853472091271,0,
610,2,ETUTW7662W,1,
6,1,970631171412,1,
6,2,VIEIU3318I,1,
6,3,Z6059133,1,
613,1,899561303198,1,
613,2,XBRGG5433L,0,
81,1,937449145888,1,
81,2,ZRWBG1383C,0,
394,1,888521881295,1,
394,2,CQPAK7133O,0,
845,1,295851737096,1,
845,2,CEBMH9681H,1,
43,1,618022684633,1,
43,2,BZBLA1577I,1,
43,3,J8669975,0,
371,1,765130514580,0,
371,2,JHCSJ8597V,0,
162,1,725993661164,0,
162,2,GAGKV1964K,0,
983,1,533919236039,1,
983,2,HQMYB3309Q,1,
410,1,893249543452,1,
410,2,FINOU9179R,1,
920,1,369022928388,0,
920,2,XWSRA8139D,1,
850,1,559813121613,1,
850,2,NDQDN1356B,0,
960,1,822109448834,1,
960,2,YMIOI5767K,0,
63,1,185280608804,1,
63,2,EXWMC4542J,0,
63,3,E4321698,0,
926,1,855598427910,1,
926,2,MWMFX7194C,1,
475,1,699831172274,0,
475,2,DGEXM5406D,0,
475,3,P5825557,1,
865,1,748053847928,1,
865,2,HPVLB7007M,1,
564,1,174607519100,0,
564,2,IRIGR6017L,1,
398,1,135170982899,1,
398,2,KUDPE5646K,0,
341,1,633169672140,1,
341,2,MCQTN9491N,0,
562,1,434759479456,0,
562,2,KHOGO5417E,1,
562,3,X5596193,1,
708,1,438947321936,1,
708,2,JDJAD2035K,0,
176,1,244483149442,0,
176,2,CIJJJ7851U,0,
682,1,900572440855,0,
682,2,ULFYF9340H,1,
534,1,594601540671,0,
534,2,BSTLM7796W,1,
534,3,O3016679,1,
569,1,718090546518,1,
569,2,DQJUT7727Y,0,
654,1,642242756758,0,
654,2,MOQYU4747D,0,
804,1,627584695470,1,
804,2,PZGIM2213Z,0,
467,1,209233821081,1,
467,2,KPYVL5594P,0,
232,1,935985722511,0,
232,2,ONOXR2831G,1,
896,1,222941471525,0,
896,2,MLOUS3162B,0,
896,3,E4026708,0,
692,1,979477115225,0,
692,2,URXNO3782H,1,
515,1,912159517614,1,
515,2,KMGFH7658Z,1,
635,1,134456021109,1,
635,2,YVIPS1133Y,1,
464,1,266593605397,1,
464,2,IAEJP3082T,1,
968,1,532506462428,1,
968,2,ZFFGK1556F,1,
271,1,312360381649,0,
271,2,KUFPH8507O,0,
271,3,Z5379955,0,
14,1,866232875763,0,
14,2,QHBFQ4885M,1,
379,1,739368539601,1,
379,2,PDQUB5613F,1,
360,1,729180127343,1,
360,2,BSXMF5163A,0,
360,3,J7503557,0,
597,1,168736197635,1,
597,2,WSNEH6588R,0,
597,3,M4160839,1,
910,1,915605570094,1,
910,2,BCYAK5110R,1,
910,3,R8688908,0,
141,1,100761121830,0,
141,2,XCVUZ7123L,0,
393,1,227218355766,0,
393,2,ZDAYF2286X,1,
148,1,435039442681,0,
148,2,MTMIA8672I,0,
964,1,966671897443,0,
964,2,ENLWB8632Y,1,
964,3,R9444043,0,
771,1,897882991186,1,
771,2,UKKJX5926B,1,
732,1,945249583361,1,
732,2,EEHXG8342U,0,
228,1,607719735183,0,
228,2,SDYOS1985J,0,
781,1,615241624803,0,
781,2,CZFHJ6233K,1,
781,3,F1338025,1,
261,1,152065390685,1,
261,2,FIBAS9938B,0,
243,1,473471134849,0,
243,2,OXMPA9640T,1,
128,1,576015613236,0,
128,2,ZJEDJ2574Z,1,
25,1,929943896831,0,
25,2,IMMJF1453O,0,
52,1,745520644801,0,
52,2,TNUCY7111Y,1,
52,3,L8289809,0,
173,1,561338422712,1,
173,2,LHTTI9002V,0,
458,1,931447665600,1,
458,2,IMVZK9031Y,0,
458,3,J8750815,1,
950,1,504832413959,0,
950,2,XCKYW3975N,0,
830,1,744937748003,1,
830,2,IQDBJ2142I,1,
830,3,Z9759257,0,
548,1,234644272412,1,
548,2,TACMM7383A,1,
548,3,C4001071,1,
655,1,684346069286,0,
655,2,QSYQY8466Y,1,
705,1,397097718228,1,
705,2,TSHHF2430W,0,
657,1,932758004825,1,
657,2,DFEJS7413P,0,
657,3,H5428655,0,
625,1,475022113711,0,
625,2,IHEHF2917G,1,
721,1,809047784444,0,
721,2,QNVWZ3441O,1,
890,1,377167548733,0,
890,2,DMCTV4331I,1,
971,1,786267586653,0,
971,2,MWYAL7276D,1,
259,1,150449264035,0,
259,2,TZLCW8440C,0,
817,1,118835353943,0,
817,2,NKSAA8178U,1,
817,3,E7753324,1,
238,1,851964170958,0,
238,2,ROPVO5204V,1,
238,3,K4517418,0,
455,1,239198833635,1,
455,2,OKPBR9265H,0,
455,3,E8425441,0,
885,1,155680083502,0,
885,2,BFIZY2249B,1,
356,1,864748450498,1,
356,2,SEIVI2124P,1,
820,1,502126395160,1,
820,2,SQPLO5972I,0,
951,1,442587812989,0,
951,2,KYIPE9245V,1,
887,1,145153848325,0,
887,2,EYEMU9935M,0,
935,1,259168043892,1,
935,2,QAPTH9229Q,1,
935,3,T6362922,0,
434,1,841292421107,1,
434,2,OJGRP1424H,1,
346,1,511402196819,0,
346,2,ZOEXT5540C,1,
601,1,384281138350,1,
601,2,MQFDI4543N,1,
979,1,757519707554,0,
979,2,PLMBV6727G,1,
979,3,A5626405,1,
737,1,180620571669,0,
737,2,KHANJ5856O,1,
737,3,U3945557,0,
908,1,450110464874,0,
908,2,ULZFV1220H,1,
930,1,988383250369,0,
930,2,SJNPE6783X,0,
694,1,638631174975,0,
694,2,KJIXS1238P,1,
694,3,Z5473612,0,
727,1,955834154852,0,
727,2,BCEAL9901Q,0,
72,1,647948591464,0,
72,2,FPZLG6261O,1,
72,3,U6466688,0,
207,1,220898011856,0,
207,2,UBDZR4280N,0,
762,1,163002387609,0,
762,2,FZVNI2106G,1,
632,1,670039461219,1,
632,2,UZJSU2049F,1,
42,1,186586622224,1,
42,2,ZJAFC1088E,1,
42,3,Q9531726,0,
765,1,890506804463,0,
765,2,FQEVT1685L,0,
765,3,L1117947,1,
861,1,798950112471,0,
861,2,FHGQD7864M,1,
806,1,224468727706,0,
806,2,IEMDA5466M,1,
213,1,512047798896,1,
213,2,IZEDD1956U,1,
313,1,351515080164,0,
313,2,ZOOSG4755I,0,
764,1,206065966211,1,
764,2,YBIRF5385T,0,
872,1,165815131227,1,
872,2,XQFZY6049E,0,
237,1,153279325832,0,
237,2,TWYDZ3132U,1,
466,1,584563856079,0,
466,2,GHLBK9278T,0,
466,3,L9626840,0,
899,1,551907786448,1,
899,2,QGIBF7646T,1,
802,1,527813267881,0,
802,2,ZRUUK4936T,1,
550,1,348228308852,1,
550,2,YMPQS2431F,0,
88,1,870239765842,0,
88,2,MTEMT5943L,0,
88,3,C1772769,1,
457,1,187356120033,0,
457,2,WWBCN2359F,0,
248,1,511986118436,1,
248,2,PYQDI6075D,0,
646,1,854289619811,1,
646,2,XAOLB1745N,1,
646,3,I3996984,1,
761,1,313552298231,0,
761,2,MJTWB2962T,1,
701,1,823079437512,0,
701,2,MADCU8640R,0,
701,3,A7559973,1,
579,1,265428949766,1,
579,2,VPYGG4489W,1,
808,1,310021785157,0,
808,2,MJWWI2165K,0,
94,1,766321304998,0,
94,2,YCODU9848U,1,
198,1,302706174374,0,
198,2,LMONJ1802Z,1,
198,3,I6292270,0,
772,1,119555682737,0,
772,2,AEXOB7966D,0,
772,3,I3695653,1,
462,1,598654724659,0,
462,2,WCQYE7069H,1,
495,1,820649952212,1,
495,2,IAEUO5464T,0,
495,3,X7327028,1,
494,1,561228210664,0,
494,2,RALVA8091S,1,
844,1,980523286776,1,
844,2,BTIJB7065P,0,
799,1,646675595736,0,
799,2,TWBBS1054V,1,
799,3,H6294842,0,
575,1,807836199842,1,
575,2,JCGGM1042E,1,
250,1,686520565004,1,
250,2,YAZRW2054Y,1,
250,3,Q6106242,0,
492,1,273109949859,1,
492,2,DQESL2614K,0,
994,1,946108776349,1,
994,2,FYDOH9973J,1,
409,1,508981292745,0,
409,2,TUSAL5647T,0,
662,1,930372427616,0,
662,2,MBLDZ7610R,1,
156,1,324158785779,0,
156,2,AKDXJ8091W,1,
774,1,585978169057,0,
774,2,IUIDI4972N,1,
235,1,721594302902,0,
235,2,XLELV3162M,0,
873,1,785183121230,0,
873,2,RXJZS2810A,0,
27,1,733523589200,0,
27,2,SEGDD5554J,0,
784,1,561100809241,1,
784,2,KSWOS8983O,1,
784,3,F4671959,0,
965,1,702814254422,0,
965,2,BOWZI3084M,1,
1,1,348076846276,1,
1,2,VCTVH6926Q,0,
1,3,E8576179,0,
33,1,989448378932,1,
33,2,ZFSXU7191V,1,
768,1,740546409022,0,
768,2,FGUNR2633G,1,
768,3,T1571462,0,
179,1,127111048100,0,
179,2,TLXOU9625Y,0,
274,1,165823544949,1,
274,2,ZJSTK5086Z,0,
465,1,190426615505,1,
465,2,GUACQ3590Z,0,
465,3,Q2793655,1,
361,1,953623547301,1,
361,2,GLSRD3969R,0,
533,1,566678358680,1,
533,2,QJBCW9925K,0,
834,1,460699876026,1,
834,2,BNOII6025Q,1,
826,1,990921612197,0,
826,2,JVEZC5027C,1,
616,1,609349331977,0,
616,2,XSOJN9066R,1,
199,1,480409704847,0,
199,2,PMHZR1126V,1,
199,3,N6702731,0,
603,1,527522480722,0,
603,2,NOJTF4872R,0,
901,1,825088449730,1,
901,2,CVQCI1592L,1,
420,1,681003596677,0,
420,2,ONMOW3717X,0,
552,1,263756112461,0,
552,2,KWEIW1687Q,1,
552,3,K1806562,0,
946,1,464675263489,0,
946,2,ETDWR1961E,0,
997,1,295781508451,1,
997,2,DTXIT6613S,0,
904,1,319207078030,0,
904,2,ETMVM5704G,1,
754,1,739257994840,1,
754,2,GNTGE7049M,0,
155,1,142549075020,0,
155,2,WXUPD6021L,0,
296,1,603464221616,1,
296,2,CCHZS5245G,1,
944,1,457962245293,1,
944,2,JHSYQ6392T,0,
291,1,982831420469,1,
291,2,QCWEE8070J,0,
294,1,864813781975,0,
294,2,UCINI4978N,0,
294,3,Y2513453,0,
698,1,437305082560,0,
698,2,LOHPX4135K,0,
363,1,731391681689,0,
363,2,MPZMK4343K,0,
745,1,500312039877,0,
745,2,QJLIB6658Q,1,
439,1,531893063372,0,
439,2,BSASK4933D,0,
172,1,261150081358,0,
172,2,ORGMV6153P,1,
903,1,355811796117,0,
903,2,ZMVMU5681W,1,
559,1,148089275499,0,
559,2,YRNHS4025K,0,
735,1,269278607452,0,
735,2,MEWCX1170P,0,
731,1,885290294947,1,
731,2,AYJMK5791D,1,
97,1,317143433261,1,
97,2,IAMME5257C,0,
97,3,Y3400919,0,
413,1,998152752679,1,
413,2,LSCXA5781F,1,
384,1,831870923935,1,
384,2,VPKDR9668U,1,
384,3,U2986736,0,
385,1,106201507869,0,
385,2,XJTKG9432R,0,
480,1,670061399532,1,
480,2,TBSCQ1082W,1,
886,1,267607287074,1,
886,2,GDVDP2816W,0,
886,3,L2775640,1,
740,1,522813768646,1,
740,2,IPOZK2360E,1,
391,1,231441067410,1,
391,2,XNRLH6353G,1,
290,1,373480906105,0,
290,2,UKWPP2562R,1,
566,1,750657087693,0,
566,2,YWJXC7806W,1,
822,1,937614842322,1,
822,2,OGAGB9868G,0,
135,1,368925111672,1,
135,2,OJCKF4630Y,1,
472,1,350719873444,1,
472,2,JIZKJ9846D,1,
472,3,J5911064,0,
195,1,702243969377,1,
195,2,LSCNS9537C,0,
776,1,228438355705,0,
776,2,XXKLS6078E,0,
95,1,793932801917,1,
95,2,JBOJW9950Z,1,
349,1,886270858318,0,
349,2,EVWDV9126X,0,
647,1,382108167925,1,
647,2,NIAMK1162A,0,
856,1,591454586115,0,
856,2,MATXH6980S,0,
856,3,E8326476,1,
520,1,581657513831,1,
520,2,ELOOX9285H,1,
520,3,F8828831,1,
145,1,298269087195,1,
145,2,JNSLB9959E,0,
145,3,I6852228,1,
959,1,175331577899,0,
959,2,HQTWK5622A,0,
686,1,652537189446,1,
686,2,WBEBZ7725U,1,
490,1,918956617831,0,
490,2,BNRXQ1359Q,0,
340,1,636170360796,1,
340,2,MEWAV2591L,0,
340,3,J1571372,0,
700,1,327630750707,1,
700,2,GTYEZ6140P,0,
966,1,405918559240,0,
966,2,FZFGT3626E,1,
645,1,420897473532,0,
645,2,CDNTZ2528S,0,
645,3,R7192818,1,
144,1,844889174043,1,
144,2,PZKGJ4120K,1,
144,3,R8680269,0,
917,1,978834702261,0,
917,2,MYCJX2386R,0,
50,1,407228127428,1,
50,2,ANAPI1019Y,0,
50,3,B7189647,1,
746,1,520035525617,0,
746,2,VTUNH7115P,1,
24,1,661484002768,1,
24,2,SOBSX9709M,1,
563,1,668186689964,0,
563,2,ECGFY6999A,0,
563,3,X3033801,1,
236,1,203661184064,1,
236,2,VJZHC3714Y,0,
236,3,H9301583,1,
643,1,518145375995,0,
643,2,BUVRS6595J,0,
643,3,C7636873,1,
314,1,770670500119,0,
314,2,MGKAW7634P,1,
779,1,237462895545,0,
779,2,SOQJM9878J,1,
779,3,U5632253,1,
189,1,422287450649,0,
189,2,RXNYM1222L,0,
923,1,341916922534,1,
923,2,VAPPB6067Q,1,
416,1,724763892557,0,
416,2,ZCVBX6514U,1,
416,3,Y3050044,0,
823,1,993612482677,1,
823,2,MDFGB8783Z,1,
823,3,F2156953,0,
92,1,877862866735,1,
92,2,LVYHC3692M,1,
525,1,191608846811,0,
525,2,VCZUG3490D,0,
837,1,788988553617,1,
837,2,SLEER1926D,1,
264,1,302462444333,1,
264,2,IOJTK3009X,0,
800,1,931054335808,0,
800,2,KSKVB5969B,1,
906,1,115967355543,0,
906,2,MCKZQ4302N,0,
437,1,290057632945,1,
437,2,NDWDO3868F,0,
437,3,G4024930,1,
517,1,850332676581,0,
517,2,YOUSL5366E,0,
395,1,578565125982,1,
395,2,TJJGM2742C,0,
568,1,313969907923,1,
568,2,FOGIK1648S,0,
84,1,194929467310,1,
84,2,DXUCE9754F,0,
940,1,198199840943,0,
940,2,QXTXC8235E,0,
119,1,567041261567,0,
119,2,WTFWZ5191K,1,
119,3,N7020626,0,
30,1,574054259569,1,
30,2,ALDND1990K,0,
546,1,231814770830,0,
546,2,KDVGJ1828Y,1,
996,1,922279222345,0,
996,2,LFGGQ4900D,1,
373,1,711018685884,1,
373,2,ZONFO7284U,0,
49,1,168842309672,1,
49,2,NGHJK8961W,0,
324,1,571404989985,1,
324,2,POYZG2843X,0,
335,1,968273829450,1,
335,2,TZIYT4932P,0,
451,1,388538114267,0,
451,2,GXGIL8153D,1,
905,1,803425191073,1,
905,2,DHXLG4210J,0,
60,1,227583666090,0,
60,2,IXKGY1238O,1,
122,1,427496984177,1,
122,2,VTCEX8545K,1,
122,3,E4092380,1,
118,1,265546763393,0,
118,2,OSEPA1320P,1,
388,1,846920505623,1,
388,2,ALWNX8023M,0,
388,3,X7771267,1,
583,1,347873616920,0,
583,2,EEWTS5525E,1,
583,3,L7124234,1,
440,1,420886982095,0,
440,2,LMQKP6608A,0,
440,3,R2938465,1,
879,1,898161007624,1,
879,2,CBNFP5616N,0,
191,1,258037783306,0,
191,2,MZSTO7110A,0,
61,1,653743450208,1,
61,2,ODSFF2779Q,0,
659,1,790861390586,0,
659,2,ECMLC9716P,1,
718,1,771301972845,1,
718,2,EPCAP9688J,0,
428,1,342211578048,1,
428,2,GEDPT7321O,0,
476,1,771228436924,1,
476,2,VRBIZ1366R,1,
368,1,717457503883,0,
368,2,KWEAS9332A,0,
26,1,573054650750,1,
26,2,BAQKV2930J,1,
26,3,O8241433,1,
689,1,694956362854,1,
689,2,YSUSO8750Z,0,
689,3,C8369591,0,
531,1,536136006419,0,
531,2,KMKTQ6369B,0,
286,1,297137252353,0,
286,2,AURNV2194W,0,
641,1,900736100066,1,
641,2,PKRJD3694G,1,
641,3,W4436086,1,
759,1,105522353284,1,
759,2,OQVSH8389U,1,
62,1,307721496496,1,
62,2,CVXJA6493Y,0,
758,1,658732484144,0,
758,2,DACUW8194D,0,
758,3,O9640871,0,
354,1,798105892758,0,
354,2,XIZXA7837H,1,
961,1,390257000115,0,
961,2,BGSNL4711Q,0,
104,1,378553402050,1,
104,2,PASMI4792V,0,
836,1,858320629582,1,
836,2,ZILWW2041Y,0,
836,3,U1949886,1,
651,1,413621871630,0,
651,2,KFDYV6297Z,1,
278,1,916654446428,1,
278,2,HDBBH9247X,1,
278,3,F4317738,0,
132,1,923289889326,1,
132,2,JLGAU3042T,0,
748,1,700812684805,0,
748,2,TDGSI1237A,1,
292,1,367131171283,0,
292,2,VQXER1910R,0,
502,1,323138941159,0,
502,2,XUGHF1493E,1,
317,1,444865459747,0,
317,2,ZFDYB7572O,1,
567,1,305041840602,1,
567,2,JXIBB3153K,1,
567,3,V5529210,1,
931,1,818417740707,0,
931,2,LAGEN6462N,1,
572,1,422705910365,0,
572,2,KNXUD3648G,1,
713,1,702869807564,1,
713,2,XOCRY2456M,1,
36,1,785437533520,1,
36,2,SXMRZ3852V,0,
36,3,Y5339362,0,
279,1,197371968435,0,
279,2,FLFMK3436Q,1,
622,1,856077733751,1,
622,2,HMVKT6564J,0,
683,1,731621817275,0,
683,2,SKGSL2920C,1,
66,1,902691844587,1,
66,2,ATNTG4063G,1,
988,1,834815262192,1,
988,2,ATHUC2071T,1,
988,3,H4029978,0,
843,1,604386171245,0,
843,2,DSAEE5388K,0,
722,1,968537710415,0,
722,2,QXFCX6461L,0,
722,3,H8187516,0,
190,1,697969934088,0,
190,2,EGVPV3764A,1,
190,3,O8832729,1,
338,1,722259048922,1,
338,2,SKUZM5107F,1,
109,1,864615593644,1,
109,2,THAPO7418P,1,
985,1,420966362241,0,
985,2,JYRIT8214S,0,
985,3,Z5278465,1,
280,1,615480686809,1,
280,2,NHTUT9490K,1,
751,1,889753481427,0,
751,2,IFLTT7752I,1,
217,1,918142712170,0,
217,2,IHWIG4628K,0,
180,1,125992375335,1,
180,2,YQOIL8019D,0,
149,1,143971703855,1,
149,2,CNJTY5552M,1,
149,3,K9430069,1,
489,1,763315170159,1,
489,2,NIRJA1481E,1,
489,3,Z2550255,0,
21,1,360635974684,1,
21,2,MCOVT8670Y,1,
977,1,461206949138,0,
977,2,KIFMH1834K,1,
427,1,362487563305,1,
427,2,YTOGP3139Y,0,
658,1,388655601153,1,
658,2,YUICL6757Z,0,
64,1,260336901291,1,
64,2,SMVOR2720J,1,
353,1,753303554061,1,
353,2,VKLUF9539B,1,
353,3,A7982399,1,
38,1,257485733701,0,
38,2,LWPEO3691A,1,
38,3,M7236135,1,
161,1,176764186133,1,
161,2,TGHGP7589U,0,
161,3,G6199331,1,
958,1,944207527786,0,
958,2,DNKII8139I,0,
958,3,P8767628,1,
660,1,921848512545,1,
660,2,CWCNY2083R,1,
660,3,L9627605,1,
676,1,274770426510,0,
676,2,BYKHQ7155W,0,
993,1,305552951436,1,
993,2,MQNEC7145X,1,
993,3,J7700965,0,
631,1,209403752692,0,
631,2,QGJKV5315U,1,
405,1,998763493782,0,
405,2,HUKDK4909G,1,
443,1,958800323619,0,
443,2,UPRZW8450B,0,
975,1,903959946864,0,
975,2,IPMTI7020D,1,
305,1,186096943012,0,
305,2,KKILL7878S,0,
305,3,O9869766,0,
663,1,457393212793,0,
663,2,NKTYS8668N,0,
596,1,252049766865,0,
596,2,KVYHX2876D,1,
347,1,335999768909,1,
347,2,GZIZR2818P,0,
347,3,R8317795,1,
673,1,475966295526,1,
673,2,CTCKL7573T,0,
673,3,T4010467,1,
878,1,879007862617,1,
878,2,XFOOL6049X,1,
318,1,186056446005,1,
318,2,PYDGZ2099K,0,
318,3,J9786174,0,
809,1,166674216432,1,
809,2,GSGGY2660M,1,
138,1,201081167297,0,
138,2,TMWYK8083P,1,
216,1,546252841190,1,
216,2,YHRLB4945N,0,
216,3,W3188121,1,
301,1,743919359981,1,
301,2,JBVTP4522S,1,
178,1,518071412449,0,
178,2,HGYBZ8847G,0,
178,3,G1018674,0,
493,1,221647251853,0,
493,2,LBCFW1588Q,1,
493,3,A2738563,1,
644,1,303375932046,1,
644,2,THUXD9264F,1,
739,1,208424064827,1,
739,2,XMBWQ4462Q,1,
739,3,I6435785,1,
894,1,166359402457,1,
894,2,REZMC2773U,1,
894,3,C5227411,0,
260,1,751913447108,1,
260,2,SZPVE5815F,0,
753,1,727034212003,1,
753,2,OVLNU7868P,0,
949,1,326567800461,0,
949,2,TOFPC5843S,0,
741,1,439881681844,0,
741,2,IFNXR4078U,1,
741,3,J3753772,1,
798,1,381463383390,0,
798,2,RPKRZ3102X,0,
798,3,M6684033,0,
498,1,490883640121,1,
498,2,JXCKV3543P,0,
498,3,S2246962,1,
797,1,586177145374,0,
797,2,MMZDH2684J,0,
456,1,121887130039,1,
456,2,JVHOW9111D,1,
456,3,W3253877,0,
624,1,935010961808,0,
624,2,VZSWG1358G,1,
624,3,U5951172,1,
202,1,516069157144,0,
202,2,IFTPN6013G,0,
202,3,O5326957,0,
387,1,141795393258,1,
387,2,JHBFI3822W,1,
925,1,859362119532,0,
925,2,YOCTR9008G,1,
840,1,973314709154,1,
840,2,TSNPD1672I,0,
593,1,669349600699,1,
593,2,MJTPG2565W,0,
871,1,438088377410,0,
871,2,TXKLM3423Q,0,
871,3,X8432275,1,
210,1,490431940202,0,
210,2,PAWJZ7558R,1,
927,1,163951433984,0,
927,2,CUGGM7368C,1,
927,3,C2987045,0,
230,1,352587586410,1,
230,2,GQBWQ4689U,1,
47,1,460876665792,1,
47,2,FGDYH3584C,1,
521,1,954275993399,1,
521,2,XAOOX6139X,1,
507,1,100617351140,0,
507,2,SFTLS5683P,1,
507,3,L7278911,1,
505,1,231695048425,1,
505,2,CNVQV4319W,0,
330,1,330653749615,0,
330,2,KKXVY1054I,1,
330,3,T7327486,0,
302,1,267715823973,0,
302,2,RCKIL8585Q,1,
127,1,328148454479,0,
127,2,VTRIS5278D,1,
411,1,130967296310,0,
411,2,MIEME4760M,0,
411,3,Q2731742,0,
941,1,174274402653,1,
941,2,NJGDY2677R,1,
941,3,F7585318,0,
355,1,165816713631,0,
355,2,UBIWP4836K,0,
355,3,K2329034,0,
80,1,122111618556,0,
80,2,AVYDL3745U,1,
621,1,178745756274,1,
621,2,QTKCK1501R,1,
815,1,767681709872,0,
815,2,CWMLW5732L,0,
648,1,673972183574,0,
648,2,BNMBI3477H,1,
788,1,140164466669,1,
788,2,DHJJM7152N,1,
788,3,P8512684,1,
733,1,813209300157,0,
733,2,KXPRU8834G,1,
911,1,755048605650,1,
911,2,GVMPE8548U,0,
716,1,858107864069,1,
716,2,TOADM6030M,1,
600,1,612118998610,1,
600,2,HGAXV9586U,0,
18,1,600950892801,0,
18,2,GZSXT2205K,0,
852,1,814065011043,1,
852,2,TCGLW2896U,1,
991,1,452953164642,1,
991,2,LNOJC1862D,0,
529,1,724041476179,1,
529,2,JFVDM9556K,0,
723,1,822028133984,1,
723,2,FPUDJ3171U,0,
723,3,M2579882,1,
577,1,868081951056,1,
577,2,ZTHHJ1689W,0,
281,1,522722031250,0,
281,2,AGJQZ6534D,0,
281,3,K4453746,1,
810,1,893407869950,0,
810,2,XJMEH9236Y,0,
639,1,859430551238,1,
639,2,JRYEO5128F,1,
446,1,330194155734,0,
446,2,ZYCCF7889W,1,
406,1,178312668740,1,
406,2,JTKYD6661P,1,
406,3,O7662833,0,
136,1,837919544675,0,
136,2,TSFBA7116K,0,
512,1,540763796795,0,
512,2,POGOY4981U,1,
276,1,605366974263,1,
276,2,HVHLJ8988K,0,
523,1,654211739779,0,
523,2,QFXOA8543B,1,
827,1,555083986120,1,
827,2,HHUCY7639V,0,
478,1,204802225598,0,
478,2,ZJJNV7712Y,1,
389,1,161574462762,0,
389,2,VVOEV3824P,0,
611,1,381386403450,0,
611,2,CRYBQ1519A,1,
370,1,785607039396,1,
370,2,CSUKR4439Q,1,
51,1,593100159172,1,
51,2,IMWKF7877Z,0,
51,3,S1242749,1,
674,1,312021317790,0,
674,2,ZBSCM1093Y,0,
916,1,397355927974,1,
916,2,ZXFKH3585A,0,
796,1,975525408540,1,
796,2,SIFSS9691M,1,
678,1,739426923584,0,
678,2,KCSNZ1299O,0,
309,1,502936165625,1,
309,2,EXZAA2544Q,0,
814,1,172502991079,0,
814,2,IBIUW2312A,0,
504,1,559376509632,1,
504,2,KSIJZ1692D,1,
789,1,956944350615,0,
789,2,VDGFD9704I,1,
34,1,345914908335,0,
34,2,XREAK7437H,1,
34,3,X5295721,1,
369,1,867955848012,1,
369,2,BLOLW6374Z,0,
251,1,814490568163,1,
251,2,ROGWM1713C,1,
251,3,B5498339,1,
193,1,425178019096,0,
193,2,VMCCO8241P,0,
375,1,746490772650,0,
375,2,JCCPX2545N,0,
747,1,991205110753,1,
747,2,XUJSB1471W,1,
530,1,500273215292,1,
530,2,CNEPD1100I,1,
293,1,956779189926,0,
293,2,OXOFG8944N,0,
730,1,693615066564,0,
730,2,BMCMQ8507P,0,
706,1,204931570534,0,
706,2,BGLXZ7165Z,1,
570,1,401626839145,1,
570,2,RRNBN6412Z,0,
851,1,307209546307,0,
851,2,NCMFF4840Q,0,
183,1,766701208732,0,
183,2,TMNYZ5218A,1,
544,1,419387472363,1,
544,2,OVNGD1087E,1,
766,1,865203621058,0,
766,2,LMZUA9477H,1,
275,1,114372082160,1,
275,2,LXGGJ2015L,0,
275,3,E6126427,1,
516,1,563443084144,1,
516,2,MVGNE1273Z,0,
587,1,470689037978,1,
587,2,KYKEA3918W,1,
842,1,988257715088,0,
842,2,NZMSW1995W,1,
249,1,557599944171,0,
249,2,OJLUJ4738E,1,
249,3,P3461868,0,
877,1,930952286587,0,
877,2,JITFD9445V,0,
67,1,991752549351,0,
67,2,ACNUQ6818C,0,
67,3,M7361386,1,
752,1,121881110338,0,
752,2,UHQAR7238Z,0,
928,1,408116181213,0,
928,2,NYBAC4137T,1,
999,1,438424085914,1,
999,2,EGAPM4227D,0,
17,1,598374815263,0,
17,2,SAPZT1043M,1,
17,3,Z7502349,1,
424,1,467028519855,1,
424,2,RIBGB3291W,1,
19,1,750584842706,1,
19,2,YMOJV3579V,0,
599,1,312852488798,1,
599,2,LLRWS2312M,0,
787,1,698007665154,1,
787,2,EXBEK7804Y,0,
308,1,197272621609,1,
308,2,WLKZH5253D,1,
782,1,927148566974,1,
782,2,ZCVPV6453I,0,
831,1,311049366498,0,
831,2,ZWHNW2540W,1,
945,1,473081071159,0,
945,2,ZAKRD4952R,0,
262,1,894102308717,1,
262,2,KQNGO4859X,0,
262,3,O1982351,1,
511,1,195474231271,1,
511,2,BASMR6889S,1,
535,1,627344123884,1,
535,2,WRKBZ7812B,1,
736,1,853516427012,0,
736,2,NEHCQ9486A,0,
736,3,M1083288,1,
471,1,869603461163,0,
471,2,IPIMR4730N,1,
471,3,K2187025,0,
205,1,193549078584,1,
205,2,IWZGL1610W,1,
849,1,566897389067,1,
849,2,BPMLD9754E,1,
849,3,D7998330,1,
159,1,157932126069,1,
159,2,PLTTZ1454O,1,
707,1,196966553362,1,
707,2,EMLRB6728L,1,
418,1,130546946313,1,
418,2,KRAXC5693O,1,
642,1,194773213274,0,
642,2,TNJTA1020V,1,
656,1,648357787173,1,
656,2,XTTFT9773A,1,
656,3,R5952263,1,
615,1,828990698102,1,
615,2,KFCTJ5262T,0,
893,1,306528458355,0,
893,2,DSGJF4305J,1,
323,1,439104916542,1,
323,2,YEURR2595D,0,
785,1,254821429245,1,
785,2,BEQLY7561T,0,
785,3,Y4000329,1,
143,1,269929905607,1,
143,2,GHZYO4195U,0,
367,1,518195259835,0,
367,2,AMBPN6148S,1,
364,1,474425163822,0,
364,2,QGUEW7176R,1,
970,1,843430176531,0,
970,2,IAZNM4407C,1,
717,1,991189355314,1,
717,2,FUEZG1200R,0,
717,3,V2481469,0,
665,1,407174463903,1,
665,2,JNVTL3260I,0,
665,3,Z1314081,1,
246,1,768872278910,1,
246,2,SVRIO2831J,1,
246,3,A8056395,1,
432,1,852956902733,1,
432,2,EQWKV7701I,1,
399,1,520215479031,1,
399,2,HKHXJ1836S,0,
254,1,305855631627,0,
254,2,NORDD3305M,0,
948,1,294811444154,0,
948,2,CQVEC2801Z,0,
948,3,D3264777,1,
691,1,988933593226,1,
691,2,XQQWZ9248A,0,
284,1,316037327928,1,
284,2,OKUZZ5935Q,1,
545,1,593388219117,1,
545,2,FVXBA7631M,0,
636,1,499127989171,1,
636,2,BXKKK4129C,0,
102,1,621838484534,0,
102,2,HUBVH2137M,0,
201,1,542689381220,0,
201,2,IFAGJ2292B,1,
581,1,309835819795,1,
581,2,JKYGU8174R,0,
760,1,616882736571,1,
760,2,CGTZZ3497R,0,
123,1,307897631614,0,
123,2,CPHUL3661C,1,
257,1,684029326590,0,
257,2,XJLSW2536W,0,
860,1,914722073878,1,
860,2,PCYDX2787Y,1,
860,3,E2334422,0,
277,1,840698205498,0,
277,2,UEUPS5589U,0,
390,1,161570088390,1,
390,2,LVIDY9172A,1,
853,1,765017821094,1,
853,2,LRXJD3766C,1,
452,1,703462817924,1,
452,2,LRXWT2671F,1,
726,1,152444277831,1,
726,2,NYTFX9927Z,1,
267,1,843119772296,1,
267,2,XJHZU5921C,1,
11,1,873332949212,1,
11,2,CIDZH5909G,0,
848,1,877806913596,0,
848,2,UDQVN4665J,1,
848,3,E7631657,1,
756,1,584409806722,0,
756,2,UIEDK4966Q,0,
756,3,T3700002,1,
311,1,682337020622,1,
311,2,KFEBZ5412G,1,
509,1,167657135460,0,
509,2,TVVJR6519L,0,
479,1,364909921784,1,
479,2,JUZSA5191F,1,
725,1,743349023348,1,
725,2,NDYKP1693G,0,
725,3,Q8193547,0,
791,1,381668648911,0,
791,2,SLETN2731V,1,
640,1,183631777845,1,
640,2,VQPYV3051B,0,
247,1,107832537258,0,
247,2,GLSYK8068A,1,
244,1,511866362939,1,
244,2,GMVSW1676C,0,
244,3,Z8973009,1,
527,1,937168581352,0,
527,2,CXNNT9594R,0,
325,1,339053068984,1,
325,2,BSFIK6387A,1,
483,1,768067386462,0,
483,2,PWJGE8823X,1,
483,3,D1349018,0,
898,1,970819362408,1,
898,2,VCDTG4462U,1,
898,3,G7265347,1,
197,1,857701451122,0,
197,2,VPBVH5928P,0,
543,1,322868085779,1,
543,2,JYRBE3985E,1,
543,3,F6344784,1,
720,1,355738955858,0,
720,2,LRGBK8858B,0,
918,1,839035056789,0,
918,2,KUZOD8104O,0,
918,3,O9818089,0,
366,1,203893366101,1,
366,2,DISTU1654T,0,
359,1,723544722836,1,
359,2,GSDLS5063C,1,
252,1,666594657039,0,
252,2,DBEMQ2476F,1,
252,3,D3345050,1,
847,1,618003733433,1,
847,2,IJJOC8001V,1,
225,1,516003436120,0,
225,2,GYPLU1874O,1,
803,1,397011360185,1,
803,2,PRLFG8980C,0,
15,1,836776983502,1,
15,2,CBKSJ3171I,1,
482,1,211954661883,0,
482,2,CYCID6421S,1,
869,1,920123744285,0,
869,2,UZTXV4254P,1,
329,1,150312795032,1,
329,2,FRTYP5201Z,0,
365,1,621835473069,1,
365,2,IRBHG1292T,0,
171,1,965520202540,0,
171,2,XKBBM5354S,0,
233,1,541719159064,0,
233,2,EMNFD2052Z,1,
233,3,Q2474880,1,
571,1,654288425280,0,
571,2,YCGTH8731O,0,
107,1,843785000209,1,
107,2,AKEJL5415P,1,
55,1,682514301977,0,
55,2,CPKJC2296Y,0,
55,3,S4560693,1,
339,1,992377568983,0,
339,2,SRFXJ6537U,1,
339,3,Y8830643,0,
909,1,411385940576,0,
909,2,MQDGI4834J,1,
73,1,122917605355,1,
73,2,IRDFI9858P,1,
93,1,721124303589,1,
93,2,NFRJK6415U,0,
661,1,451908414961,1,
661,2,LJIIU6017D,1,
401,1,711833823892,0,
401,2,STZED7574U,0,
933,1,361473934064,0,
933,2,LMXXL6084U,1,
933,3,N8087303,1,
450,1,590500711232,1,
450,2,JLYOT7983G,0,
450,3,I3426232,1,
833,1,486133699569,1,
833,2,DGXTI1595B,1,
48,1,548245192950,0,
48,2,YFHRX1261B,1,
4,1,980937037195,1,
4,2,UOOHX4684S,0,
129,1,750682540304,0,
129,2,FWSLY7771U,0,
129,3,A2721763,1,
90,1,753494304109,1,
90,2,YRLBC2738D,1,
715,1,151410082941,0,
715,2,JJWUI8845R,1,
481,1,222703961022,1,
481,2,PFJLF6646Y,1,
454,1,959082348389,0,
454,2,IITKJ5560O,1,
454,3,N3299856,0,
44,1,543462524872,1,
44,2,TEYWA7063R,1,
734,1,687727777577,0,
734,2,JESNQ6532X,1,
734,3,Y5314651,1,
633,1,181196900706,1,
633,2,FJZIE6942X,0,
486,1,165663101096,0,
486,2,FPSXW3780W,0,
486,3,A5446974,1,
510,1,824008433514,1,
510,2,FLDRK6607Z,1,
835,1,409722411417,1,
835,2,RDARH9471L,1,
303,1,880730729273,0,
303,2,ZHODY1077A,1,
541,1,411776990680,0,
541,2,QNIFG2035P,0,
315,1,605286157361,1,
315,2,OLNUW8814N,0,
989,1,764902236775,1,
989,2,ACKTY8269Y,1,
337,1,533624071014,0,
337,2,AZQFK1012L,0,
131,1,613254555728,1,
131,2,FSKMQ7749L,1,
131,3,P1011173,0,
376,1,804985421691,1,
376,2,YPWJM3003E,0,
881,1,903541639040,0,
881,2,LMWBM8521Q,1,
881,3,U2215724,1,
627,1,544652918853,1,
627,2,DDYHV1006G,1,
358,1,714110723711,0,
358,2,XXXYM4439R,1,
358,3,M4219947,0,
196,1,616999737770,0,
196,2,GWENK3921S,0,
556,1,425707431285,1,
556,2,YMLSL9292W,0,
942,1,610514697965,0,
942,2,WCLBA5631D,1,
