person_id,contact_type,value,is_primary,is_verified,remarks
352,1,8699069203,True,True,
352,2,vray@example.org,False,1,
352,3,1684539854,False,1,
884,1,0646251309,True,True,
884,2,kaleyuvraj@example.com,False,0,
884,3,9236943760,False,1,
884,4,9771262082,False,False,
841,1,5879369228,True,True,
841,2,ekanta73@example.net,False,1,
841,3,6343115616,False,0,
864,1,4146706474,True,True,
864,2,vkhare@example.com,False,0,
864,3,5150165344,False,1,
864,4,9953461719,False,False,
82,1,3833300163,True,True,
82,2,jchana@example.com,False,1,
82,3,4257247472,False,1,
773,1,0280489348,True,True,
773,2,finn03@example.org,False,0,
773,3,7699942492,False,0,
668,1,8455969292,True,True,
668,2,neel02@example.org,False,1,
668,4,4522034433,False,False,
750,1,6897845195,True,True,
750,2,bavabhavini@example.com,False,0,
750,4,4736927385,False,False,
795,1,2886699715,True,True,
795,2,orinder55@example.org,False,0,
795,4,5795333002,False,False,
253,1,5160220562,True,True,
253,2,amararajagopal@example.com,False,0,
253,4,0121112837,False,False,
501,1,4570261571,True,True,
501,2,nilimathakur@example.net,False,1,
501,3,9763347786,False,1,
540,1,7861326184,True,True,
540,2,vritti30@example.net,False,1,
540,3,0324760178,False,1,
113,1,7797567695,True,True,
113,2,gokhaleyashasvi@example.net,False,0,
113,3,5779417055,False,0,
113,4,0549556847,False,False,
209,1,5250451576,True,True,
209,2,rnadig@example.net,False,1,
209,3,7418801622,False,1,
605,1,8263102489,True,True,
605,2,qswaminathan@example.net,False,1,
605,3,7967091622,False,1,
605,4,3078207359,False,False,
793,1,7440492858,True,True,
793,2,sarthakbadami@example.com,False,0,
793,3,0341300598,False,0,
560,1,7487068694,True,True,
560,2,hshan@example.org,False,1,
560,4,8270195060,False,False,
818,1,7822228629,True,True,
818,2,patricknarain@example.com,False,0,
818,3,6632930739,False,0,
147,1,7134038203,True,True,
147,2,vaidyagopal@example.org,False,0,
147,3,1772768421,False,1,
147,4,9179170656,False,False,
287,1,1781403127,True,True,
287,2,vincentmisra@example.net,False,1,
287,3,8945564380,False,1,
287,4,5590001841,False,False,
245,1,7389461638,True,True,
245,2,mistrypranit@example.org,False,1,
245,3,3106319806,False,0,
245,4,7949271624,False,False,
166,1,6973114565,True,True,
166,2,pallarajata@example.org,False,0,
166,3,8860300701,False,1,
755,1,0024721035,True,True,
755,2,cagarwal@example.net,False,1,
755,3,7054481919,False,1,
755,4,5368354178,False,False,
157,1,2655848405,True,True,
157,2,gauranghora@example.com,False,1,
157,3,9547269497,False,1,
157,4,9800636949,False,False,
936,1,4175859274,True,True,
936,2,daravasudha@example.com,False,0,
936,3,9863144579,False,1,
936,4,4684977448,False,False,
167,1,7563375520,True,True,
167,2,usarin@example.net,False,0,
167,3,1961371913,False,1,
167,4,6541338093,False,False,
76,1,9444331200,True,True,
76,2,vdhar@example.org,False,0,
76,3,5670555698,False,0,
76,4,9938514409,False,False,
328,1,4151675960,True,True,
328,2,lakshpal@example.org,False,0,
328,3,7715905136,False,1,
328,4,5517242604,False,False,
580,1,2173298512,True,True,
580,2,balveer50@example.org,False,1,
580,3,2173380656,False,0,
580,4,1620245896,False,False,
31,1,0975957944,True,True,
31,2,bina41@example.org,False,1,
31,3,4122186982,False,1,
377,1,4523214796,True,True,
377,2,nihal14@example.com,False,1,
870,1,1577796664,True,True,
870,2,davidsankaran@example.org,False,1,
870,3,5246991995,False,1,
870,4,4897483263,False,False,
336,1,2885189768,True,True,
336,2,vedikabava@example.org,False,1,
980,1,0267818793,True,True,
980,2,jbansal@example.net,False,1,
212,1,6366673506,True,True,
212,2,contractorpeter@example.net,False,0,
212,4,7258153000,False,False,
892,1,5791300410,True,True,
892,2,balasubramaniananay@example.org,False,0,
892,3,2923874984,False,0,
177,1,2565373344,True,True,
177,2,patrickgandhi@example.org,False,0,
177,4,2019017780,False,False,
175,1,4148189192,True,True,
175,2,wgokhale@example.net,False,0,
175,3,0854620617,False,0,
41,1,5375185862,True,True,
41,2,sanyasodhi@example.net,False,1,
41,3,6209508210,False,0,
41,4,6683981541,False,False,
288,1,9705417152,True,True,
288,2,vrinda36@example.org,False,1,
288,3,0503191377,False,1,
874,1,5519067419,True,True,
874,2,samarthganesh@example.net,False,1,
874,3,0471902985,False,1,
204,1,5266465747,True,True,
204,2,deyfinn@example.com,False,1,
204,3,0364047781,False,1,
712,1,6893478945,True,True,
712,2,tbhalla@example.com,False,0,
712,3,3528523903,False,0,
712,4,8170552988,False,False,
670,1,9094618050,True,True,
670,2,sandhumugdha@example.com,False,0,
670,4,8265588009,False,False,
681,1,8691893442,True,True,
681,2,vdar@example.org,False,0,
681,3,5858784144,False,1,
681,4,3608120446,False,False,
194,1,9839461347,True,True,
194,2,kpanchal@example.com,False,0,
194,3,2090238232,False,1,
194,4,1974609364,False,False,
187,1,4409115034,True,True,
187,2,fredericksaha@example.org,False,0,
187,4,2907702775,False,False,
649,1,2888879060,True,True,
649,2,teerthagarwal@example.com,False,0,
609,1,3718416256,True,True,
609,2,ddugar@example.net,False,1,
526,1,9605108996,True,True,
526,2,diyasant@example.com,False,0,
526,3,9204844872,False,1,
526,4,5900316133,False,False,
396,1,7320468698,True,True,
396,2,vansha86@example.net,False,0,
331,1,2020395575,True,True,
331,2,dakshvarma@example.org,False,0,
331,3,1569578419,False,1,
868,1,4239363135,True,True,
868,2,garima21@example.net,False,0,
868,3,1469244700,False,0,
868,4,2699702966,False,False,
783,1,1800720738,True,True,
783,2,ttiwari@example.net,False,1,
783,3,4298235865,False,1,
783,4,9010654316,False,False,
273,1,6150318675,True,True,
273,2,ukarpe@example.org,False,0,
273,4,6930931226,False,False,
327,1,6397460411,True,True,
327,2,kadakiasai@example.net,False,1,
327,3,7174706725,False,1,
327,4,7974262833,False,False,
542,1,0416988347,True,True,
542,2,nandaisha@example.net,False,0,
542,3,1791320218,False,1,
326,1,6237081021,True,True,
326,2,vinayamenon@example.org,False,0,
326,3,5403767636,False,1,
326,4,7312069900,False,False,
348,1,2628727727,True,True,
348,2,raghavbasu@example.com,False,0,
348,3,2631367394,False,0,
348,4,6141984274,False,False,
226,1,2858433450,True,True,
226,2,salviwahab@example.org,False,1,
226,3,0029049076,False,1,
226,4,3058315510,False,False,
832,1,3072248543,True,True,
832,2,mandgarima@example.net,False,0,
832,4,8852190763,False,False,
981,1,7922996894,True,True,
981,2,contractorryan@example.com,False,1,
981,4,6562322603,False,False,
618,1,4559086010,True,True,
618,2,nihalchopra@example.org,False,1,
618,3,2559065735,False,1,
934,1,6114666257,True,True,
934,2,qvarma@example.net,False,1,
743,1,4828763604,True,True,
743,2,malhotrageetika@example.net,False,0,
743,3,7613066102,False,0,
585,1,8772501986,True,True,
585,2,gokhaleisaiah@example.net,False,1,
585,3,9459885346,False,1,
164,1,0023330277,True,True,
164,2,abhimanyupingle@example.com,False,0,
164,3,1141087790,False,1,
164,4,8740014012,False,False,
414,1,4654219586,True,True,
414,2,ndhaliwal@example.com,False,1,
414,3,0549173099,False,0,
414,4,8644182197,False,False,
769,1,2337343180,True,True,
769,2,pratyushrajan@example.com,False,1,
96,1,5410120485,True,True,
96,2,vaidyanetra@example.net,False,0,
96,4,9797936731,False,False,
888,1,1987182653,True,True,
888,2,purohitaashi@example.net,False,0,
652,1,5582533837,True,True,
652,2,isanghvi@example.org,False,1,
652,3,2310123699,False,0,
825,1,0060817075,True,True,
825,2,ekavir82@example.net,False,0,
825,3,4317785664,False,0,
8,1,5002844716,True,True,
8,2,manigunbir@example.net,False,0,
8,3,9724073754,False,1,
595,1,8481546496,True,True,
595,2,cdhar@example.net,False,1,
69,1,0376085590,True,True,
69,2,logan21@example.com,False,1,
69,3,8020671912,False,1,
69,4,4263399311,False,False,
220,1,4986243787,True,True,
220,2,urvashi22@example.com,False,0,
220,3,5292564632,False,1,
220,4,4105138605,False,False,
16,1,1397043972,True,True,
16,2,aadhya80@example.net,False,1,
16,3,6770833598,False,1,
407,1,9255995653,True,True,
407,2,indrajit88@example.org,False,1,
407,3,3602806774,False,1,
469,1,1334531429,True,True,
469,2,siddharth89@example.org,False,0,
469,3,4267486529,False,0,
880,1,9733986406,True,True,
880,2,rvora@example.org,False,0,
880,4,2912284994,False,False,
344,1,5352831470,True,True,
344,2,samranilima@example.org,False,1,
344,3,3507427772,False,1,
947,1,7623181969,True,True,
947,2,hemaltripathi@example.net,False,1,
947,3,0867523438,False,0,
947,4,7956706511,False,False,
883,1,6821671521,True,True,
883,2,daksha47@example.com,False,0,
883,4,7098518379,False,False,
229,1,4978862494,True,True,
229,2,lraman@example.net,False,1,
229,3,0853294439,False,1,
137,1,4596115072,True,True,
137,2,pradhanyutika@example.net,False,0,
137,3,1168225152,False,0,
137,4,6352071651,False,False,
778,1,5220150222,True,True,
778,2,mganguly@example.org,False,0,
778,3,5209385017,False,1,
778,4,0685622948,False,False,
532,1,6854174928,True,True,
532,2,mitrapranav@example.net,False,1,
532,4,7707218216,False,False,
59,1,2597891684,True,True,
59,2,isha63@example.org,False,0,
59,4,5468823492,False,False,
7,1,5351142218,True,True,
7,2,unarain@example.net,False,0,
7,3,4116603939,False,0,
549,1,7838395670,True,True,
549,2,ykibe@example.net,False,1,
549,3,8399447262,False,0,
978,1,0778129152,True,True,
978,2,sekhonchatura@example.net,False,1,
978,3,8180324338,False,0,
332,1,1352564309,True,True,
332,2,gchoudhary@example.com,False,0,
332,3,0747263811,False,1,
332,4,2277302626,False,False,
9,1,5644331144,True,True,
9,2,siya87@example.net,False,0,
9,4,2607511414,False,False,
914,1,8932455358,True,True,
914,2,nishakunda@example.net,False,1,
914,4,0686779361,False,False,
623,1,8138473481,True,True,
623,2,rajuaradhana@example.com,False,0,
623,4,0954035490,False,False,
592,1,5408762144,True,True,
592,2,wsathe@example.org,False,0,
592,4,6195885461,False,False,
372,1,0795294598,True,True,
372,2,chadhalekha@example.net,False,1,
372,3,1636388854,False,0,
485,1,0981530627,True,True,
485,2,kalaboase@example.org,False,0,
485,4,4387101162,False,False,
669,1,7628034323,True,True,
669,2,aadhya93@example.org,False,1,
669,3,1566504072,False,0,
669,4,7237053222,False,False,
168,1,2787890587,True,True,
168,2,zaitravarma@example.net,False,0,
168,3,0533104129,False,1,
168,4,9711672375,False,False,
612,1,1672942414,True,True,
612,2,znarayanan@example.com,False,1,
612,3,6786740627,False,0,
99,1,6399136509,True,True,
99,2,chasmumpingle@example.com,False,0,
99,3,2116842278,False,1,
99,4,5799705661,False,False,
729,1,6811536749,True,True,
729,2,yashodasood@example.com,False,0,
729,3,5645754998,False,0,
87,1,2339397450,True,True,
87,2,xsawhney@example.net,False,0,
87,3,5827040747,False,1,
937,1,5156641593,True,True,
937,2,ekantaghose@example.org,False,1,
937,3,4363565121,False,1,
937,4,4660883928,False,False,
687,1,9261377592,True,True,
687,2,yauvanisoni@example.org,False,0,
687,3,2763845007,False,0,
687,4,6964268622,False,False,
460,1,0749332079,True,True,
460,2,indirachakraborty@example.com,False,0,
460,4,5121049095,False,False,
891,1,4919065827,True,True,
891,2,netrabumb@example.com,False,0,
891,3,4265616631,False,1,
891,4,1497267369,False,False,
255,1,5382835161,True,True,
255,2,vedikabahri@example.net,False,1,
255,3,5231481438,False,0,
255,4,6108059203,False,False,
447,1,9212183461,True,True,
447,2,vbutala@example.com,False,0,
447,3,2189969354,False,0,
12,1,5168726867,True,True,
12,2,rlad@example.org,False,1,
12,3,8650169353,False,1,
12,4,4751895678,False,False,
932,1,2413109626,True,True,
932,2,sinhaaarnav@example.com,False,1,
932,3,0306478421,False,0,
608,1,8606754753,True,True,
608,2,amara63@example.com,False,0,
608,4,5138262037,False,False,
222,1,4901974403,True,True,
222,2,sarmafaras@example.org,False,1,
912,1,0273267110,True,True,
912,2,menonayush@example.com,False,0,
912,3,5098027511,False,0,
912,4,1138142017,False,False,
685,1,4929644608,True,True,
685,2,triyasood@example.net,False,1,
685,3,5884339193,False,0,
404,1,0121916463,True,True,
404,2,agarwalnetra@example.org,False,0,
114,1,4717703529,True,True,
114,2,deepajayaraman@example.com,False,1,
114,3,4772293271,False,0,
426,1,1688308562,True,True,
426,2,sandhuaachal@example.net,False,1,
426,4,8130321536,False,False,
858,1,3198354019,True,True,
858,2,brijesh72@example.com,False,1,
858,4,4030842371,False,False,
792,1,1624765508,True,True,
792,2,bhanumatikhosla@example.org,False,0,
792,4,4110295677,False,False,
620,1,5131513339,True,True,
620,2,batrasai@example.org,False,1,
620,3,7491437519,False,0,
435,1,0036122395,True,True,
435,2,csahni@example.com,False,1,
435,3,9384893032,False,0,
435,4,9382506108,False,False,
724,1,9224330522,True,True,
724,2,sandhuansh@example.org,False,1,
724,3,4839463644,False,0,
634,1,0525552891,True,True,
634,2,jairaj23@example.com,False,0,
634,3,1262499413,False,1,
634,4,1714898213,False,False,
163,1,2842684772,True,True,
163,2,abhaprabhakar@example.com,False,1,
163,3,9136722079,False,0,
477,1,7230656536,True,True,
477,2,nirjabalakrishnan@example.net,False,0,
477,3,4529974424,False,1,
855,1,9712579685,True,True,
855,2,parth31@example.com,False,0,
855,4,6582512209,False,False,
71,1,1601726068,True,True,
71,2,xdeep@example.net,False,1,
71,3,5042070281,False,0,
71,4,8650981020,False,False,
444,1,5131218130,True,True,
444,2,htalwar@example.net,False,1,
444,4,7400967620,False,False,
343,1,3746687986,True,True,
343,2,rachana32@example.net,False,0,
343,3,3591835810,False,1,
343,4,5401561543,False,False,
484,1,1290014283,True,True,
484,2,rattanfrado@example.com,False,0,
484,4,8703115349,False,False,
695,1,2493920900,True,True,
695,2,ishita09@example.com,False,1,
695,4,4432243561,False,False,
5,1,9816106708,True,True,
5,2,kshankar@example.org,False,0,
5,3,9930277084,False,0,
953,1,5440266727,True,True,
953,2,nadigudarsh@example.com,False,0,
953,3,9779067733,False,1,
895,1,3532813286,True,True,
895,2,bhavani12@example.com,False,0,
895,3,1645000271,False,0,
895,4,5527974485,False,False,
110,1,9815565004,True,True,
110,2,daniel18@example.net,False,1,
110,3,8754923943,False,1,
688,1,5498934844,True,True,
688,2,chaudharyrohan@example.net,False,1,
688,3,4510758835,False,1,
688,4,6451854198,False,False,
121,1,0450442083,True,True,
121,2,dbalay@example.org,False,1,
121,3,4979207553,False,1,
382,1,5766378398,True,True,
382,2,farhanmaster@example.net,False,0,
382,3,7200426808,False,1,
382,4,7701985231,False,False,
265,1,2749470040,True,True,
265,2,jrama@example.org,False,0,
265,3,1849719057,False,0,
265,4,5614278852,False,False,
37,1,0708481198,True,True,
37,2,lukeprashad@example.com,False,1,
37,3,6588500037,False,0,
37,4,5857861198,False,False,
39,1,1354610136,True,True,
39,2,simon72@example.net,False,0,
39,4,7394271536,False,False,
794,1,5969319611,True,True,
794,2,bimalamalhotra@example.com,False,1,
969,1,8319199562,True,True,
969,2,yatinravi@example.org,False,0,
969,3,1024596676,False,0,
969,4,2419102639,False,False,
962,1,9847399087,True,True,
962,2,uprabhakar@example.net,False,1,
962,3,0881642374,False,1,
68,1,4953694606,True,True,
68,2,vrishti20@example.org,False,0,
68,3,9549295840,False,0,
68,4,2993194568,False,False,
513,1,2590386072,True,True,
513,2,chaudhuriharita@example.net,False,1,
513,4,3581754742,False,False,
270,1,0992452026,True,True,
270,2,prashadzaid@example.net,False,1,
270,3,8218376573,False,1,
270,4,3032645726,False,False,
392,1,4282304077,True,True,
392,2,wissac@example.org,False,0,
392,4,5356906449,False,False,
53,1,6911344228,True,True,
53,2,prabhuaryan@example.com,False,1,
53,3,3030553934,False,1,
192,1,7583246062,True,True,
192,2,savanthardik@example.org,False,1,
86,1,4003335441,True,True,
86,2,chaturasethi@example.net,False,0,
86,4,4882425562,False,False,
436,1,4687721142,True,True,
436,2,sachi26@example.net,False,0,
436,3,9539686196,False,0,
955,1,0384850228,True,True,
955,2,tsarkar@example.net,False,1,
955,3,8499957469,False,1,
955,4,5604227943,False,False,
397,1,2298520073,True,True,
397,2,kalanandini@example.com,False,0,
397,4,7182848531,False,False,
742,1,2181086994,True,True,
742,2,lallkai@example.com,False,1,
742,3,1860916700,False,1,
742,4,0649550555,False,False,
573,1,4984317560,True,True,
573,2,aurorabishakha@example.net,False,1,
573,3,3651284409,False,0,
573,4,2529117994,False,False,
218,1,7370767651,True,True,
218,2,kibemadhavi@example.org,False,0,
218,3,6354846698,False,0,
780,1,5874713012,True,True,
780,2,yatantalwar@example.com,False,1,
780,4,1767350628,False,False,
40,1,1389096557,True,True,
40,2,lucky30@example.org,False,1,
40,3,3270029351,False,0,
767,1,2788281812,True,True,
767,2,chamelinagy@example.com,False,1,
767,3,7134304983,False,1,
496,1,9061033930,True,True,
496,2,ynagi@example.net,False,1,
496,3,3027843878,False,1,
496,4,6427779806,False,False,
459,1,5760986010,True,True,
459,2,pgokhale@example.org,False,1,
854,1,6086105074,True,True,
854,2,mittalidika@example.com,False,0,
854,3,0336814192,False,0,
561,1,4112437342,True,True,
561,2,nehagole@example.org,False,1,
561,3,7255728579,False,0,
2,1,9375509400,True,True,
2,2,jaikashyap@example.net,False,0,
2,4,3736375903,False,False,
919,1,7645809373,True,True,
919,2,sanghvichakradhar@example.net,False,1,
919,3,2227582513,False,1,
65,1,9384507988,True,True,
65,2,harianmol@example.org,False,1,
65,3,1220220969,False,1,
805,1,3622787030,True,True,
805,2,aarush36@example.net,False,0,
805,3,5765143051,False,0,
675,1,8814596596,True,True,
675,2,christopher87@example.com,False,0,
675,3,3047425923,False,1,
675,4,5114784494,False,False,
984,1,4036686120,True,True,
984,2,vivaansoni@example.net,False,1,
984,4,8431129791,False,False,
921,1,9763077007,True,True,
921,2,balachasmum@example.net,False,0,
921,3,9700123761,False,1,
20,1,3584088786,True,True,
20,2,lakshitdani@example.org,False,0,
203,1,4709839565,True,True,
203,2,pooja93@example.com,False,1,
203,3,3050244314,False,0,
32,1,6959334321,True,True,
32,2,vsaini@example.net,False,1,
32,3,0496898389,False,1,
32,4,1117772486,False,False,
987,1,2820450721,True,True,
987,2,karanravi@example.com,False,1,
987,3,4481673761,False,0,
987,4,8255064460,False,False,
629,1,2096501687,True,True,
629,2,mannechakradev@example.org,False,0,
629,4,4283536543,False,False,
922,1,3738021909,True,True,
922,2,libnibutala@example.net,False,0,
922,3,9448250438,False,1,
922,4,8929949466,False,False,
431,1,1137848212,True,True,
431,2,rpillai@example.net,False,1,
431,3,8840013015,False,1,
429,1,7510379006,True,True,
429,2,wasonnitara@example.com,False,1,
429,3,4919663463,False,0,
693,1,1683182330,True,True,
693,2,vsrinivasan@example.net,False,1,
697,1,0953369496,True,True,
697,2,vaishnavibala@example.com,False,0,
697,3,6853539381,False,1,
697,4,4127888900,False,False,
801,1,2614197207,True,True,
801,2,yohannanchampak@example.net,False,1,
801,4,9057360609,False,False,
684,1,9123426538,True,True,
684,2,patrick41@example.net,False,1,
684,3,1990986280,False,0,
298,1,1511990965,True,True,
298,2,rajatakala@example.com,False,0,
298,3,8399822954,False,0,
298,4,1538411284,False,False,
630,1,5832522232,True,True,
630,2,merchantmeera@example.com,False,1,
630,3,9344433713,False,1,
630,4,5346109899,False,False,
130,1,3540472693,True,True,
130,2,frado24@example.org,False,1,
591,1,8143692904,True,True,
591,2,gkhanna@example.com,False,1,
591,3,3607017823,False,0,
591,4,5128620378,False,False,
211,1,9334076229,True,True,
211,2,sundersamarth@example.com,False,1,
211,3,9408258905,False,0,
499,1,8565084356,True,True,
499,2,bahltripti@example.org,False,1,
499,4,6080491608,False,False,
422,1,4750031568,True,True,
422,2,krishnamukhopadhyay@example.org,False,1,
422,3,2225283734,False,0,
422,4,9752232788,False,False,
421,1,5600153997,True,True,
421,2,siddharth53@example.com,False,1,
421,3,9721348718,False,0,
421,4,7229163442,False,False,
54,1,1915346285,True,True,
54,2,nahluwalia@example.com,False,1,
54,3,5673350477,False,1,
408,1,5123620081,True,True,
408,2,njha@example.com,False,0,
408,3,4506463037,False,0,
77,1,6215558233,True,True,
77,2,aarush44@example.com,False,0,
77,3,0314679322,False,0,
77,4,0388475395,False,False,
990,1,0271353709,True,True,
990,2,vasarajeshri@example.org,False,0,
990,3,6159279058,False,1,
703,1,7197559902,True,True,
703,2,gadebaghyawati@example.org,False,0,
998,1,7811269732,True,True,
998,2,pandeychandresh@example.org,False,0,
998,3,7168268982,False,0,
998,4,0410922333,False,False,
268,1,7939953258,True,True,
268,2,nagarisaiah@example.net,False,1,
268,3,9636831229,False,1,
268,4,8898494353,False,False,
757,1,3198845046,True,True,
757,2,michaelchaudhary@example.org,False,0,
757,3,6594991432,False,0,
757,4,4300365856,False,False,
312,1,9946940538,True,True,
312,2,utkarshnagar@example.net,False,1,
312,3,4944694768,False,0,
124,1,5611918952,True,True,
124,2,vsanghvi@example.com,False,1,
124,3,3699750738,False,0,
124,4,4373850736,False,False,
307,1,3408900743,True,True,
307,2,rvig@example.com,False,1,
307,3,0567794644,False,0,
307,4,2683657946,False,False,
500,1,3901998396,True,True,
500,2,suriandrew@example.net,False,1,
500,3,6431579559,False,1,
813,1,5393884486,True,True,
813,2,qarinchopra@example.com,False,1,
813,3,3666296955,False,1,
140,1,4490021021,True,True,
140,2,samarth71@example.com,False,0,
140,3,0257437382,False,0,
614,1,8317595510,True,True,
614,2,forumpai@example.org,False,1,
614,3,4191259310,False,1,
614,4,5636160420,False,False,
316,1,2532607823,True,True,
316,2,choudhryhema@example.org,False,1,
316,4,8557111250,False,False,
976,1,5059180130,True,True,
976,2,suhani43@example.com,False,0,
976,3,0340811401,False,0,
976,4,1781678350,False,False,
295,1,7289812350,True,True,
295,2,tristan80@example.org,False,0,
295,3,3883184370,False,1,
295,4,9859565044,False,False,
539,1,2224430853,True,True,
539,2,krishchahal@example.com,False,1,
539,3,6930792626,False,0,
539,4,7226131975,False,False,
219,1,2684453626,True,True,
219,2,xrastogi@example.com,False,0,
219,3,7502860368,False,1,
219,4,8227169480,False,False,
319,1,8253220986,True,True,
319,2,anikasarna@example.com,False,0,
319,3,1136839994,False,1,
607,1,4180385620,True,True,
607,2,siddharthbera@example.net,False,0,
184,1,1168084039,True,True,
184,2,tanmayimagar@example.net,False,0,
184,3,4592436397,False,1,
184,4,1896249221,False,False,
56,1,0095465011,True,True,
56,2,panditanya@example.com,False,1,
56,3,0448380891,False,1,
56,4,3763975720,False,False,
604,1,1212047029,True,True,
604,2,kalaronith@example.net,False,0,
604,4,9143839139,False,False,
29,1,3220324506,True,True,
29,2,mannanyamini@example.net,False,1,
29,3,3534040437,False,1,
125,1,1461504923,True,True,
125,2,jackmagar@example.com,False,0,
125,3,5298499619,False,0,
125,4,5251248136,False,False,
105,1,4840971078,True,True,
105,2,dhruvmahal@example.net,False,1,
105,3,9012852203,False,1,
105,4,5378068223,False,False,
680,1,6114521587,True,True,
680,2,ishani15@example.com,False,0,
680,3,8726721262,False,1,
362,1,0463610003,True,True,
362,2,oscarchand@example.org,False,0,
362,4,0635450532,False,False,
557,1,3411523231,True,True,
557,2,mbhakta@example.net,False,1,
557,4,9864820251,False,False,
85,1,9328290420,True,True,
85,2,dacharya@example.org,False,1,
85,3,7505090736,False,0,
85,4,2245130037,False,False,
719,1,1010667299,True,True,
719,2,regeinaya@example.net,False,0,
719,3,3359386677,False,0,
508,1,5552076008,True,True,
508,2,balhaarcheema@example.org,False,0,
508,3,8501483392,False,1,
508,4,8039440234,False,False,
106,1,7092873444,True,True,
106,2,diptapingle@example.net,False,0,
106,3,7669579835,False,1,
106,4,6964137116,False,False,
582,1,5368221102,True,True,
582,2,venkataramanutkarsh@example.com,False,0,
582,3,3182211694,False,0,
582,4,4168634518,False,False,
929,1,0836612794,True,True,
929,2,sanghvichandresh@example.com,False,0,
929,3,3648958682,False,1,
929,4,5136536297,False,False,
488,1,9042595200,True,True,
488,2,ljoshi@example.com,False,0,
488,3,6049075817,False,0,
488,4,9266917983,False,False,
709,1,0338539670,True,True,
709,2,forumgrover@example.com,False,1,
709,3,8301997688,False,1,
677,1,6978922868,True,True,
677,2,aachal38@example.net,False,0,
320,1,9373425333,True,True,
320,2,munialexander@example.net,False,0,
320,3,5102057447,False,1,
320,4,7678908236,False,False,
554,1,8639700566,True,True,
554,2,jayaramanekavir@example.com,False,0,
900,1,8564400481,True,True,
900,2,prisha18@example.net,False,0,
900,3,0197042901,False,0,
900,4,1511630575,False,False,
702,1,9958655147,True,True,
702,2,jyotikar@example.org,False,0,
702,4,4631344997,False,False,
915,1,3626560210,True,True,
915,2,agastyarout@example.org,False,1,
915,3,5284535320,False,1,
79,1,1871588169,True,True,
79,2,mammenjasmit@example.org,False,0,
433,1,7487369805,True,True,
433,2,tpanchal@example.net,False,0,
400,1,2268915682,True,True,
400,2,wridesh21@example.org,False,1,
400,3,0583684682,False,0,
400,4,3278814435,False,False,
108,1,3750645607,True,True,
108,2,osharau@example.com,False,0,
108,3,7149837714,False,0,
108,4,0057062658,False,False,
242,1,9645357845,True,True,
242,2,priyavaidya@example.net,False,0,
165,1,8205577323,True,True,
165,2,aayushkamdar@example.org,False,0,
165,3,3811105255,False,0,
491,1,0872605401,True,True,
491,2,tmaharaj@example.net,False,0,
491,3,1818689591,False,0,
491,4,4412043740,False,False,
816,1,7710651218,True,True,
816,2,garajack@example.net,False,1,
816,3,2196517026,False,1,
816,4,9498740726,False,False,
664,1,0318588208,True,True,
664,2,shapooja@example.net,False,0,
664,3,2754916514,False,1,
551,1,9949846566,True,True,
551,2,rmody@example.net,False,0,
551,3,8879702600,False,0,
551,4,5373159851,False,False,
57,1,5747685533,True,True,
57,2,ahluwaliaturvi@example.net,False,1,
57,3,0940697544,False,0,
57,4,3861714508,False,False,
283,1,4684849257,True,True,
283,2,eradhakrishnan@example.org,False,1,
283,3,2592473456,False,0,
555,1,7652050164,True,True,
555,2,hraman@example.org,False,0,
555,3,3015330688,False,0,
770,1,5971348136,True,True,
770,2,benjaminkalla@example.com,False,1,
538,1,1878357400,True,True,
538,2,cbatta@example.org,False,1,
538,3,7690565440,False,0,
876,1,2246489346,True,True,
876,2,lekhatella@example.com,False,0,
653,1,3591929335,True,True,
653,2,gangulyaarnav@example.com,False,1,
653,3,9010202641,False,0,
653,4,2373770984,False,False,
3,1,4292060650,True,True,
3,2,rparmer@example.org,False,1,
3,3,4436238069,False,1,
419,1,7816313750,True,True,
419,2,girindravyas@example.net,False,1,
419,3,7211962468,False,1,
711,1,0177082718,True,True,
711,2,manbirramakrishnan@example.org,False,1,
594,1,0513857013,True,True,
594,2,omyakunda@example.org,False,1,
594,3,0695755577,False,0,
594,4,7383551450,False,False,
224,1,6567572823,True,True,
224,2,tmurty@example.com,False,1,
224,3,8441311427,False,0,
224,4,7575404611,False,False,
321,1,7746678859,True,True,
321,2,pavanibaria@example.com,False,1,
321,3,6828990857,False,0,
256,1,5877095938,True,True,
256,2,aroraishwar@example.com,False,1,
256,4,9065070819,False,False,
679,1,8114678012,True,True,
679,2,xmahal@example.net,False,0,
679,3,8429304798,False,1,
28,1,5485584549,True,True,
28,2,kevin37@example.org,False,1,
28,4,8384657095,False,False,
775,1,6849939841,True,True,
775,2,odhar@example.com,False,1,
775,3,5764328482,False,1,
775,4,7273909968,False,False,
151,1,6061490897,True,True,
151,2,fgara@example.com,False,1,
151,3,5283015788,False,0,
214,1,3113194507,True,True,
214,2,anmol19@example.org,False,1,
214,3,3180918481,False,1,
214,4,8749920801,False,False,
956,1,7451554739,True,True,
956,2,hemal24@example.com,False,1,
956,3,3991054065,False,0,
10,1,9615936079,True,True,
10,2,pathakubika@example.net,False,0,
10,3,7565548051,False,0,
10,4,6089243715,False,False,
139,1,4734571131,True,True,
139,2,bajajyashawini@example.org,False,0,
139,3,8353882296,False,0,
139,4,2122597263,False,False,
974,1,9044068291,True,True,
974,2,bsom@example.com,False,0,
974,3,5831719190,False,0,
938,1,0012520579,True,True,
938,2,wmore@example.org,False,1,
938,3,1085303541,False,1,
938,4,1204158302,False,False,
986,1,6597558809,True,True,
986,2,omya04@example.com,False,0,
986,3,6497476198,False,1,
986,4,0605460565,False,False,
972,1,7254737533,True,True,
972,2,vrindabanik@example.org,False,1,
972,3,3609458649,False,0,
972,4,0604202206,False,False,
519,1,7342550764,True,True,
519,2,dayalgaurav@example.org,False,1,
519,3,6950227263,False,0,
200,1,6739064841,True,True,
200,2,venkataramangabriel@example.net,False,1,
200,3,3893924545,False,0,
963,1,3039480152,True,True,
963,2,unnirege@example.org,False,0,
963,4,1697272274,False,False,
487,1,9929437927,True,True,
487,2,biswasrayaan@example.org,False,0,
699,1,2596060678,True,True,
699,2,anusha39@example.org,False,1,
470,1,8705293340,True,True,
470,2,ubikacheema@example.com,False,0,
170,1,1223732173,True,True,
170,2,odika76@example.com,False,1,
170,3,7152943016,False,0,
170,4,3831915475,False,False,
522,1,8360268211,True,True,
522,2,zrau@example.net,False,0,
522,3,5003282401,False,0,
522,4,6952807295,False,False,
565,1,6702840629,True,True,
565,2,sachipalla@example.com,False,0,
13,1,1416773625,True,True,
13,2,npadmanabhan@example.com,False,0,
13,3,3583919618,False,0,
13,4,8417377314,False,False,
626,1,6455936254,True,True,
626,2,neel75@example.net,False,1,
227,1,4852823641,True,True,
227,2,inath@example.net,False,1,
227,4,1127048463,False,False,
272,1,0858311713,True,True,
272,2,hkar@example.org,False,0,
272,4,4634865931,False,False,
134,1,7909490159,True,True,
134,2,lajitaben@example.net,False,1,
134,3,0774447146,False,1,
134,4,5181821367,False,False,
967,1,0571579892,True,True,
967,2,jgrewal@example.com,False,1,
967,3,0632625501,False,0,
374,1,9911152696,True,True,
374,2,balvan02@example.org,False,0,
374,3,3259819823,False,0,
637,1,6570407904,True,True,
637,2,lgolla@example.org,False,1,
637,3,2641066584,False,1,
266,1,8899959981,True,True,
266,2,nagychakradev@example.com,False,1,
266,3,4866710432,False,0,
266,4,9327065383,False,False,
897,1,3273874959,True,True,
897,2,pnagarajan@example.net,False,1,
897,3,7459258077,False,1,
763,1,0905177943,True,True,
763,2,reyansh79@example.org,False,0,
763,3,7992470355,False,0,
763,4,2076057255,False,False,
357,1,9693800496,True,True,
357,2,kotharikeya@example.org,False,1,
357,4,4555486781,False,False,
334,1,0135830012,True,True,
334,2,ikshitathaker@example.net,False,0,
334,4,7157014701,False,False,
438,1,1307570620,True,True,
438,2,dubeywarhi@example.net,False,1,
438,4,5799026100,False,False,
952,1,5874538848,True,True,
952,2,daralucky@example.com,False,0,
952,4,1756731514,False,False,
112,1,9558445375,True,True,
112,2,ekalinga91@example.org,False,1,
112,3,3510121006,False,1,
221,1,5947947837,True,True,
221,2,odhar@example.net,False,1,
221,3,3600441038,False,0,
442,1,1149011228,True,True,
442,2,masonmane@example.net,False,1,
442,4,0654751645,False,False,
423,1,6301093964,True,True,
423,2,sathehredhaan@example.com,False,0,
423,3,2283784312,False,1,
423,4,9797941665,False,False,
982,1,6244936179,True,True,
982,2,thakerpratyush@example.net,False,0,
982,3,7079801021,False,1,
924,1,5842941879,True,True,
924,2,jhalakatwal@example.com,False,1,
924,3,5564886669,False,1,
924,4,8305927627,False,False,
91,1,3817567957,True,True,
91,2,chandwyatt@example.com,False,1,
386,1,4697448925,True,True,
386,2,lokeanya@example.net,False,1,
403,1,8542539082,True,True,
403,2,jhalak70@example.com,False,0,
403,3,6547828340,False,0,
403,4,5293002183,False,False,
101,1,9882602796,True,True,
101,2,chadapooja@example.net,False,0,
101,3,5571245952,False,0,
101,4,7469978300,False,False,
208,1,7022630730,True,True,
208,2,pallpriya@example.com,False,0,
208,4,3916533798,False,False,
206,1,5489358529,True,True,
206,2,chandranraj@example.org,False,1,
206,3,2150977216,False,1,
206,4,8105230231,False,False,
231,1,9869538460,True,True,
231,2,dchawla@example.org,False,1,
231,3,0812343443,False,0,
650,1,2622013218,True,True,
650,2,samar86@example.com,False,0,
650,4,2283295485,False,False,
100,1,4115928710,True,True,
100,2,tchakraborty@example.net,False,1,
100,3,9581105644,False,1,
299,1,0215211018,True,True,
299,2,rbava@example.net,False,1,
299,3,2899390329,False,0,
786,1,8344849962,True,True,
786,2,fpadmanabhan@example.com,False,0,
786,3,5799061514,False,0,
461,1,1545272976,True,True,
461,2,lavanya86@example.com,False,1,
461,3,8841915418,False,1,
461,4,6083132035,False,False,
524,1,0641898699,True,True,
524,2,widisha49@example.com,False,0,
524,3,2002382546,False,1,
174,1,2812505606,True,True,
174,2,mmital@example.com,False,0,
174,4,4755976008,False,False,
188,1,3941730065,True,True,
188,2,munivinaya@example.net,False,1,
188,4,9910687845,False,False,
811,1,0371447664,True,True,
811,2,saumyaviswanathan@example.net,False,0,
811,3,8083094141,False,1,
811,4,7174193745,False,False,
449,1,9468002778,True,True,
449,2,gagan01@example.org,False,0,
449,3,6240423369,False,1,
449,4,7094932255,False,False,
846,1,2840612193,True,True,
846,2,plall@example.com,False,0,
846,4,2821785022,False,False,
383,1,8470061241,True,True,
383,2,zinal32@example.com,False,0,
383,3,3168418139,False,1,
828,1,9237583257,True,True,
828,2,sethtimothy@example.com,False,1,
497,1,6291072394,True,True,
497,2,lmallick@example.net,False,1,
497,4,9646143445,False,False,
241,1,5347941192,True,True,
241,2,haritachowdhury@example.org,False,0,
241,3,8352564827,False,1,
241,4,2840982680,False,False,
116,1,5115891292,True,True,
116,2,neel80@example.org,False,1,
116,3,9256486980,False,0,
578,1,0078700377,True,True,
578,2,jack94@example.net,False,0,
578,3,3389959934,False,1,
473,1,7465063505,True,True,
473,2,wridesh75@example.net,False,0,
473,3,0189597283,False,1,
473,4,4509007047,False,False,
547,1,3066915716,True,True,
547,2,rsinghal@example.org,False,0,
547,3,0223222296,False,0,
667,1,2269412735,True,True,
667,2,krisha10@example.org,False,0,
667,3,7086612626,False,0,
667,4,4940846762,False,False,
574,1,0884633741,True,True,
574,2,ranaekanta@example.org,False,0,
45,1,1847643214,True,True,
45,2,falakdada@example.org,False,0,
45,3,2658885535,False,1,
45,4,7857048764,False,False,
690,1,7681951587,True,True,
690,2,fbajwa@example.com,False,0,
690,4,6841525046,False,False,
882,1,3167485137,True,True,
882,2,chakrikavirk@example.com,False,1,
882,3,4209329276,False,0,
671,1,8629322499,True,True,
671,2,gandhisara@example.com,False,0,
671,3,8077011626,False,1,
671,4,4107412871,False,False,
838,1,8169224031,True,True,
838,2,andrewbahl@example.com,False,0,
838,4,0931353229,False,False,
598,1,5134370723,True,True,
598,2,upkaarrajan@example.com,False,1,
598,3,2119139766,False,0,
598,4,2961127763,False,False,
829,1,3097310523,True,True,
829,2,gsarkar@example.org,False,1,
829,4,4067653538,False,False,
240,1,5675953874,True,True,
240,2,nadigekanta@example.net,False,0,
89,1,0021315114,True,True,
89,2,wyattmahal@example.org,False,0,
710,1,0925802950,True,True,
710,2,xchaudhuri@example.com,False,1,
710,3,6380708880,False,0,
710,4,8283331557,False,False,
153,1,2764996550,True,True,
153,2,kibemaya@example.org,False,1,
153,3,4366115990,False,0,
875,1,4134499371,True,True,
875,2,fnath@example.net,False,0,
875,4,4099500867,False,False,
441,1,4705223005,True,True,
441,2,anya69@example.com,False,0,
441,3,8434583259,False,0,
441,4,8633121688,False,False,
714,1,4995202648,True,True,
714,2,advay47@example.com,False,1,
714,4,1335263053,False,False,
995,1,0541650305,True,True,
995,2,lukesura@example.org,False,1,
995,3,9832061557,False,1,
995,4,7947413213,False,False,
350,1,0775920640,True,True,
350,2,chavvi76@example.com,False,0,
777,1,8908837221,True,True,
777,2,xgopal@example.com,False,1,
777,3,1148581536,False,1,
117,1,1230919572,True,True,
117,2,chadbhavika@example.net,False,0,
866,1,1692122075,True,True,
866,2,ishaniguha@example.com,False,0,
866,3,4236357832,False,1,
866,4,8634607454,False,False,
126,1,5324745404,True,True,
126,2,guneet21@example.net,False,1,
126,3,1467452298,False,1,
126,4,3409113402,False,False,
943,1,3255008486,True,True,
943,2,dtiwari@example.com,False,1,
943,3,4037131103,False,1,
943,4,2590625363,False,False,
536,1,2867386112,True,True,
536,2,vvaidya@example.org,False,1,
536,4,3566767213,False,False,
417,1,9214508938,True,True,
417,2,ekarajsaini@example.org,False,1,
417,4,9010961388,False,False,
696,1,9475671758,True,True,
696,2,ochowdhury@example.com,False,0,
696,3,9165258674,False,1,
146,1,0521439987,True,True,
146,2,yohannanveda@example.org,False,0,
146,4,6420826832,False,False,
666,1,9910594236,True,True,
666,2,cmutti@example.org,False,0,
666,3,9869156332,False,1,
115,1,3919761833,True,True,
115,2,lsangha@example.com,False,0,
70,1,0946303355,True,True,
70,2,anmolmittal@example.net,False,1,
70,4,0625179564,False,False,
506,1,9228468089,True,True,
506,2,leenaperi@example.org,False,1,
506,4,6305697348,False,False,
857,1,1529004512,True,True,
857,2,garanachiket@example.org,False,0,
857,3,1062896332,False,0,
857,4,6089280162,False,False,
289,1,8339153457,True,True,
289,2,ugrewal@example.com,False,1,
289,3,3467548683,False,1,
289,4,2545724020,False,False,
576,1,1911627217,True,True,
576,2,prasadpanini@example.net,False,0,
576,3,3373228237,False,1,
576,4,6295894112,False,False,
474,1,0628939928,True,True,
474,2,doratriveni@example.com,False,0,
474,3,1249208046,False,0,
142,1,8167692534,True,True,
142,2,mahikakrish@example.org,False,1,
142,3,9636976250,False,1,
142,4,1341442099,False,False,
160,1,5170589910,True,True,
160,2,singhaljagvi@example.org,False,0,
158,1,9324449566,True,True,
158,2,sarora@example.org,False,1,
158,3,8574559477,False,0,
589,1,5355739507,True,True,
589,2,msani@example.org,False,1,
589,3,7992430339,False,0,
957,1,4260973283,True,True,
957,2,gaurikakhosla@example.com,False,0,
957,4,6812592381,False,False,
169,1,1135595524,True,True,
169,2,nray@example.net,False,0,
169,3,9277105313,False,1,
169,4,9646430787,False,False,
380,1,9859266656,True,True,
380,2,vasasuhani@example.net,False,0,
380,3,8047942439,False,0,
380,4,2799663051,False,False,
537,1,4103598877,True,True,
537,2,wsodhi@example.net,False,1,
537,3,1213306955,False,0,
617,1,9907140257,True,True,
617,2,ckota@example.com,False,1,
617,3,0883934796,False,1,
617,4,4665895935,False,False,
342,1,7849599520,True,True,
342,2,dbail@example.net,False,0,
342,3,8369901552,False,0,
342,4,1630432165,False,False,
824,1,7369971849,True,True,
824,2,kgarde@example.com,False,0,
824,3,2067836315,False,0,
824,4,7732352575,False,False,
297,1,8987611050,True,True,
297,2,balakrishnansamuel@example.com,False,0,
867,1,4924282636,True,True,
867,2,sathvikjhaveri@example.net,False,0,
867,3,7345977593,False,1,
867,4,0968771861,False,False,
285,1,3025398251,True,True,
285,2,senrayaan@example.org,False,1,
285,4,2103397643,False,False,
133,1,3352566795,True,True,
133,2,gunbirprashad@example.org,False,0,
133,3,0853458055,False,1,
133,4,8843280406,False,False,
269,1,7457071873,True,True,
269,2,tejas48@example.com,False,0,
269,3,0319671971,False,0,
269,4,0140494432,False,False,
258,1,1431869172,True,True,
258,2,jackson74@example.com,False,0,
258,3,1974493140,False,1,
258,4,5539102802,False,False,
111,1,2981050755,True,True,
111,2,tchaudhry@example.com,False,0,
111,3,3473409161,False,0,
351,1,4634706005,True,True,
351,2,shauryayadav@example.com,False,0,
351,3,0850772514,False,1,
351,4,9011555728,False,False,
602,1,4596212558,True,True,
602,2,lakshbatta@example.org,False,1,
602,4,7581467712,False,False,
304,1,4123327818,True,True,
304,2,peter02@example.com,False,1,
304,3,2367283525,False,0,
322,1,7266746938,True,True,
322,2,horavedhika@example.net,False,0,
322,3,4100433899,False,0,
234,1,4362988279,True,True,
234,2,hsavant@example.com,False,0,
234,3,1692917653,False,0,
234,4,4403793070,False,False,
744,1,0344785354,True,True,
744,2,amrutamitra@example.org,False,0,
35,1,0525532469,True,True,
35,2,nilima60@example.com,False,1,
186,1,0143887266,True,True,
186,2,jagdishvig@example.org,False,1,
186,3,7331960088,False,0,
74,1,6961333330,True,True,
74,2,kainagar@example.net,False,0,
74,3,0429256745,False,0,
74,4,2934585504,False,False,
738,1,7484046720,True,True,
738,2,azadchaudhary@example.org,False,0,
738,3,8691840963,False,1,
584,1,4568243521,True,True,
584,2,bajajfalan@example.org,False,1,
584,4,8365367582,False,False,
954,1,5097979165,True,True,
954,2,hramesh@example.com,False,0,
954,3,0192100709,False,0,
425,1,2767214263,True,True,
425,2,ekansh40@example.com,False,1,
425,3,3797702751,False,0,
425,4,8455694113,False,False,
790,1,1502230361,True,True,
790,2,balasubramanianprisha@example.net,False,0,
790,3,7788163212,False,0,
345,1,3863059663,True,True,
345,2,ksane@example.net,False,1,
345,3,6418547882,False,1,
345,4,2845281461,False,False,
300,1,4203447827,True,True,
300,2,vramesh@example.com,False,1,
300,3,5475454331,False,0,
120,1,3384151503,True,True,
120,2,deygautami@example.org,False,1,
120,3,5522036000,False,0,
120,4,7128758620,False,False,
606,1,7266167699,True,True,
606,2,fredericksankar@example.com,False,0,
606,3,2403774986,False,1,
402,1,3622756952,True,True,
402,2,xbarad@example.net,False,0,
402,4,9775024717,False,False,
889,1,3092064285,True,True,
889,2,pratyushkhatri@example.com,False,0,
889,3,0043139878,False,0,
889,4,6459483421,False,False,
333,1,8023103129,True,True,
333,2,shravya40@example.com,False,1,
333,3,8670803962,False,1,
333,4,3689768480,False,False,
22,1,3452215329,True,True,
22,2,ikbaldatta@example.com,False,0,
22,3,2811726970,False,1,
22,4,2034203928,False,False,
902,1,1289256567,True,True,
902,2,chakradharsura@example.org,False,0,
902,3,7077302011,False,0,
453,1,5226445099,True,True,
453,2,osha42@example.com,False,0,
453,3,9502804737,False,0,
468,1,6369374996,True,True,
468,2,mchaudhuri@example.com,False,1,
468,3,0276840724,False,1,
468,4,8898279198,False,False,
463,1,3878624339,True,True,
463,2,avi48@example.com,False,1,
463,3,7459668740,False,1,
586,1,3574377151,True,True,
586,2,idugar@example.org,False,1,
586,4,2831571239,False,False,
859,1,7006935257,True,True,
859,2,latachandani@example.net,False,1,
859,3,3633281016,False,1,
859,4,0894196475,False,False,
939,1,7102014546,True,True,
939,2,anmolsangha@example.com,False,1,
704,1,1788154772,True,True,
704,2,raozansi@example.org,False,0,
704,3,2893381517,False,1,
103,1,3189665038,True,True,
103,2,bhavinide@example.com,False,0,
103,3,5649899198,False,0,
103,4,0496702337,False,False,
223,1,3020682207,True,True,
223,2,gmanne@example.org,False,1,
223,3,6226235228,False,0,
223,4,0224203134,False,False,
558,1,8932488063,True,True,
558,2,chadhagautami@example.org,False,1,
558,3,6395495781,False,0,
182,1,3659657114,True,True,
182,2,vbail@example.org,False,0,
182,3,3550130714,False,0,
182,4,2638428222,False,False,
445,1,0003890721,True,True,
445,2,zbhandari@example.com,False,1,
821,1,4024079154,True,True,
821,2,jchand@example.net,False,1,
821,3,3262631198,False,0,
98,1,4847091386,True,True,
98,2,lmukhopadhyay@example.org,False,0,
98,3,0756275348,False,1,
98,4,0336143791,False,False,
638,1,5116841239,True,True,
638,2,edwinnitara@example.com,False,1,
638,4,0684103617,False,False,
310,1,0688061898,True,True,
310,2,smanne@example.com,False,0,
310,3,4893462577,False,0,
310,4,2767134750,False,False,
819,1,8165871229,True,True,
819,2,sanayasane@example.net,False,1,
819,3,4439977242,False,0,
412,1,5313163170,True,True,
412,2,unnigulati@example.net,False,1,
412,3,6454325757,False,0,
412,4,4673354254,False,False,
415,1,7553414562,True,True,
415,2,rajeshri19@example.org,False,1,
415,3,1515038698,False,1,
839,1,9753578073,True,True,
839,2,owalla@example.org,False,0,
839,3,5974304144,False,0,
812,1,6569753668,True,True,
812,2,lyadav@example.com,False,0,
812,3,0654304009,False,0,
812,4,0729212003,False,False,
862,1,6506517403,True,True,
862,2,iagrawal@example.net,False,1,
862,3,6419921455,False,0,
973,1,3159597795,True,True,
973,2,gauravsahni@example.org,False,0,
553,1,6893041040,True,True,
553,2,ychaudhari@example.com,False,0,
528,1,2585850916,True,True,
528,2,udarsh57@example.com,False,0,
528,3,7873279468,False,0,
239,1,1718529313,True,True,
239,2,gunbirdhaliwal@example.org,False,1,
239,4,9396194812,False,False,
588,1,1502259256,True,True,
588,2,lchanda@example.org,False,1,
588,3,3592957178,False,0,
1000,1,5335427725,True,True,
1000,2,wyatt15@example.com,False,1,
1000,4,4626111377,False,False,
152,1,3399821702,True,True,
152,2,talwarekansh@example.com,False,1,
152,3,2412791408,False,1,
152,4,6377756459,False,False,
807,1,5900063981,True,True,
807,2,onveer82@example.net,False,1,
807,3,1033674577,False,1,
518,1,9350758959,True,True,
518,2,darpansankaran@example.com,False,0,
518,3,2741674870,False,1,
518,4,0486277252,False,False,
628,1,8858217247,True,True,
628,2,idika87@example.com,False,0,
628,3,2425072700,False,1,
514,1,3138307143,True,True,
514,2,manya90@example.org,False,1,
514,3,8551679890,False,1,
907,1,3663649959,True,True,
907,2,pooja18@example.com,False,0,
907,3,2261404169,False,0,
907,4,6160840692,False,False,
378,1,0867459884,True,True,
378,2,inair@example.com,False,0,
378,3,7574630595,False,1,
590,1,2040673521,True,True,
590,2,aahana10@example.com,False,1,
590,3,3843566571,False,1,
215,1,1975051667,True,True,
215,2,vbhatia@example.com,False,0,
215,3,8697663377,False,1,
863,1,7384300084,True,True,
863,2,aahanasen@example.org,False,1,
863,3,6652733905,False,0,
282,1,1901816393,True,True,
282,2,yamini47@example.org,False,0,
282,3,0415518519,False,1,
282,4,6671453385,False,False,
58,1,9446231026,True,True,
58,2,aarna52@example.org,False,1,
58,3,2134864613,False,0,
58,4,2641194942,False,False,
992,1,6613254116,True,True,
992,2,fitan24@example.net,False,1,
992,3,7955486847,False,0,
992,4,2307173420,False,False,
913,1,6176230692,True,True,
913,2,sundaramkavya@example.org,False,1,
913,3,2161306638,False,1,
913,4,1305492639,False,False,
619,1,9170273774,True,True,
619,2,oscar36@example.org,False,1,
619,3,3166749300,False,0,
749,1,1367845551,True,True,
749,2,urvi76@example.com,False,1,
749,3,5760981206,False,0,
749,4,7346433322,False,False,
75,1,5114932634,True,True,
75,2,kdugal@example.org,False,0,
75,4,7406072580,False,False,
181,1,7641287222,True,True,
181,2,forummaharaj@example.net,False,1,
181,3,0496048531,False,1,
154,1,7551826255,True,True,
154,2,danikashish@example.org,False,0,
154,3,4488862054,False,1,
154,4,5296597148,False,False,
78,1,6838587333,True,True,
78,2,faris46@example.org,False,0,
78,3,3112826105,False,0,
78,4,8761135990,False,False,
381,1,3055335954,True,True,
381,2,rkadakia@example.org,False,1,
381,3,1616610184,False,0,
503,1,2605048192,True,True,
503,2,janujadugal@example.net,False,1,
448,1,1187951624,True,True,
448,2,ddevi@example.org,False,1,
448,3,1237118198,False,1,
448,4,9285256847,False,False,
23,1,5259453324,True,True,
23,2,nagarajanradha@example.com,False,1,
23,3,0740492342,False,1,
430,1,2133623856,True,True,
430,2,fiyaz02@example.net,False,1,
430,3,3650633423,False,0,
185,1,9268975833,True,True,
185,2,sonizarna@example.org,False,0,
306,1,3921522470,True,True,
306,2,ijayachoudhury@example.net,False,1,
306,4,4371510659,False,False,
46,1,6031053064,True,True,
46,2,udantnagi@example.org,False,0,
46,3,6208829319,False,1,
672,1,7452847076,True,True,
672,2,nadkarnichaitaly@example.net,False,1,
672,4,4222703996,False,False,
150,1,1031003233,True,True,
150,2,naveendora@example.com,False,1,
150,3,0435768735,False,0,
263,1,4172247141,True,True,
263,2,datebakhshi@example.net,False,0,
263,3,6369795234,False,0,
263,4,9224108407,False,False,
728,1,8779453133,True,True,
728,2,leela50@example.net,False,1,
83,1,9018207459,True,True,
83,2,golajanuja@example.com,False,0,
83,3,6863758827,False,1,
83,4,8865601626,False,False,
610,1,0301748680,True,True,
610,2,atwalqadim@example.net,False,1,
610,3,8748678315,False,0,
610,4,4947141844,False,False,
6,1,7299644512,True,True,
6,2,vorayamini@example.org,False,0,
6,3,8298495466,False,1,
613,1,1821141006,True,True,
613,2,kamyasami@example.net,False,0,
613,3,5602789227,False,1,
613,4,5009125987,False,False,
81,1,5521312141,True,True,
81,2,parikhbalhaar@example.net,False,0,
81,3,6456275999,False,1,
394,1,7951436840,True,True,
394,2,harshil67@example.net,False,1,
394,4,3933110561,False,False,
845,1,1115607308,True,True,
845,2,widisha94@example.com,False,0,
845,3,4432258319,False,1,
43,1,2972794494,True,True,
43,2,ranakevin@example.net,False,0,
43,3,5396554909,False,1,
371,1,6787562373,True,True,
371,2,pdave@example.org,False,1,
371,3,1940941568,False,1,
162,1,9742792502,True,True,
162,2,ychaudhary@example.com,False,0,
162,3,0788323936,False,1,
162,4,5779491928,False,False,
983,1,3520735353,True,True,
983,2,pavanisarna@example.com,False,1,
983,4,9042033004,False,False,
410,1,0820361563,True,True,
410,2,lilabajaj@example.org,False,1,
920,1,9608765689,True,True,
920,2,faqidbatta@example.com,False,0,
920,3,2512450018,False,0,
920,4,6396130910,False,False,
850,1,0399912844,True,True,
850,2,masteraarav@example.net,False,1,
960,1,1508062582,True,True,
960,2,muttieiravati@example.net,False,1,
63,1,7014493297,True,True,
63,2,naksh89@example.org,False,0,
63,3,1143013634,False,1,
63,4,8824517059,False,False,
926,1,5894740966,True,True,
926,2,girik02@example.net,False,0,
926,3,2336984062,False,0,
475,1,1107084168,True,True,
475,2,imander@example.org,False,1,
475,3,5957078482,False,1,
865,1,1932410538,True,True,
865,2,dakshabasu@example.net,False,0,
865,3,8195138382,False,1,
564,1,2849866217,True,True,
564,2,chaayabhatia@example.org,False,1,
564,3,6563754899,False,1,
564,4,2938194814,False,False,
398,1,9971680783,True,True,
398,2,modygaurangi@example.net,False,0,
398,3,6058112029,False,0,
398,4,2963628340,False,False,
341,1,9656626665,True,True,
341,2,waidadevi@example.net,False,0,
341,3,6368225960,False,1,
562,1,7653834108,True,True,
562,2,oviyabalan@example.net,False,0,
562,3,4671382618,False,1,
708,1,5224269311,True,True,
708,2,ansh25@example.com,False,1,
176,1,1185426069,True,True,
176,2,gaurikacomar@example.net,False,1,
176,3,3986590413,False,0,
682,1,6016317507,True,True,
682,2,vkadakia@example.net,False,1,
534,1,7708811402,True,True,
534,2,fganesh@example.com,False,0,
534,3,1544098503,False,0,
569,1,8117132533,True,True,
569,2,omisha87@example.com,False,1,
569,4,0296854792,False,False,
654,1,1743961770,True,True,
654,2,ebera@example.com,False,0,
804,1,7665980658,True,True,
804,2,onveer29@example.org,False,0,
804,3,0813580055,False,0,
467,1,9912043537,True,True,
467,2,mekhala87@example.org,False,1,
467,4,9246639055,False,False,
232,1,5809023190,True,True,
232,2,zashil07@example.net,False,1,
232,3,3766890382,False,0,
232,4,4155111438,False,False,
896,1,2807949197,True,True,
896,2,goelbhavini@example.net,False,0,
896,3,6089354765,False,0,
692,1,9613651566,True,True,
692,2,tkade@example.com,False,1,
692,3,9983468464,False,0,
692,4,2666680077,False,False,
515,1,5114466654,True,True,
515,2,benjaminmishra@example.com,False,1,
515,3,9446010895,False,1,
515,4,7532515910,False,False,
635,1,4758309350,True,True,
635,2,ati94@example.com,False,0,
464,1,5556951770,True,True,
464,2,darasamesh@example.com,False,1,
464,3,3607029407,False,0,
464,4,3527645946,False,False,
968,1,5863989929,True,True,
968,2,aryan26@example.com,False,0,
968,3,4386454000,False,0,
968,4,9985235704,False,False,
271,1,8033518220,True,True,
271,2,arin76@example.org,False,1,
271,3,5109809735,False,0,
14,1,2558484361,True,True,
14,2,vartyrobert@example.org,False,0,
14,3,7501776018,False,0,
14,4,5653320091,False,False,
379,1,7795123535,True,True,
379,2,ijayadugal@example.org,False,0,
379,3,5765967994,False,1,
379,4,3103816875,False,False,
360,1,9509525332,True,True,
360,2,pavanibaral@example.com,False,1,
360,3,7914388125,False,1,
360,4,7948623324,False,False,
597,1,0473503591,True,True,
597,2,naveen90@example.com,False,1,
597,3,5324762317,False,0,
597,4,9312207904,False,False,
910,1,0965159309,True,True,
910,2,ganga85@example.net,False,1,
141,1,6443345465,True,True,
141,2,vanshasundaram@example.net,False,1,
141,3,9673095619,False,0,
393,1,0141923008,True,True,
393,2,sinhapushti@example.com,False,1,
393,3,5785944797,False,1,
393,4,4340658315,False,False,
148,1,3924988070,True,True,
148,2,harishchakraborty@example.com,False,1,
148,3,7410957956,False,1,
964,1,3049299909,True,True,
964,2,tsunder@example.net,False,0,
964,3,3374243997,False,1,
964,4,6363689833,False,False,
771,1,9859136014,True,True,
771,2,zarya@example.net,False,0,
732,1,0567718322,True,True,
732,2,forum03@example.com,False,0,
732,3,7221737919,False,1,
228,1,8189747477,True,True,
228,2,gokhalebalhaar@example.org,False,0,
228,3,0525751094,False,1,
781,1,3932000883,True,True,
781,2,vedagour@example.com,False,1,
781,3,9667263042,False,1,
261,1,6969122818,True,True,
261,2,ethan04@example.net,False,1,
243,1,2702910308,True,True,
243,2,niteshwagle@example.org,False,0,
243,4,4378274823,False,False,
128,1,8281148318,True,True,
128,2,harita91@example.com,False,1,
128,3,7508151083,False,1,
128,4,3443748404,False,False,
25,1,8756629294,True,True,
25,2,yagneshpuri@example.org,False,1,
25,4,0669364880,False,False,
52,1,9652411026,True,True,
52,2,korpalshivani@example.org,False,1,
52,4,9756447543,False,False,
173,1,0991140993,True,True,
173,2,isane@example.net,False,0,
173,3,1014865677,False,0,
458,1,7806782482,True,True,
458,2,rmital@example.com,False,0,
458,3,0586119512,False,1,
458,4,3060151841,False,False,
950,1,9819110554,True,True,
950,2,jairajsathe@example.net,False,1,
950,3,4502497039,False,0,
950,4,5165310081,False,False,
830,1,2760541466,True,True,
830,2,dewanronith@example.com,False,0,
830,3,4204869371,False,1,
830,4,0425423033,False,False,
548,1,4592978392,True,True,
548,2,kamyathaman@example.org,False,0,
548,3,2351594346,False,0,
548,4,7469976529,False,False,
655,1,4793372672,True,True,
655,2,pavani28@example.com,False,1,
655,3,0248108158,False,0,
655,4,6354681800,False,False,
705,1,4553731609,True,True,
705,2,vravi@example.org,False,1,
705,3,4442379349,False,0,
657,1,4314383246,True,True,
657,2,choprarachit@example.net,False,0,
657,3,5420618943,False,1,
625,1,2501839598,True,True,
625,2,hramakrishnan@example.org,False,0,
625,4,4912727666,False,False,
721,1,2044150562,True,True,
721,2,virajbains@example.net,False,0,
721,3,4301652285,False,1,
721,4,5321525311,False,False,
890,1,6156991795,True,True,
890,2,balvan13@example.org,False,1,
971,1,6466505065,True,True,
971,2,madhavi90@example.com,False,1,
259,1,6026054490,True,True,
259,2,xmagar@example.net,False,0,
259,4,1310340708,False,False,
817,1,1026106191,True,True,
817,2,wgoda@example.com,False,0,
817,3,7603564080,False,0,
817,4,8591195279,False,False,
238,1,3074754912,True,True,
238,2,chadaekani@example.org,False,0,
238,3,7034810909,False,0,
455,1,7971550074,True,True,
455,2,mperi@example.net,False,1,
455,4,7016652834,False,False,
885,1,9575698422,True,True,
885,2,jbrar@example.com,False,1,
885,3,9002732867,False,1,
885,4,0343475893,False,False,
356,1,2200107852,True,True,
356,2,vpalan@example.com,False,1,
356,3,1246286512,False,0,
820,1,0919461623,True,True,
820,2,yagneshmishra@example.org,False,0,
820,3,4620634125,False,0,
820,4,9744895155,False,False,
951,1,4024975043,True,True,
951,2,riya99@example.com,False,0,
951,3,3661445114,False,0,
887,1,4868074150,True,True,
887,2,chandreshgopal@example.com,False,1,
887,3,8186976681,False,1,
887,4,5095298295,False,False,
935,1,5500111940,True,True,
935,2,brindasharaf@example.com,False,0,
935,3,5208576894,False,1,
935,4,3980994556,False,False,
434,1,1556207153,True,True,
434,2,varenyakashyap@example.com,False,0,
434,4,7374532417,False,False,
346,1,8455504563,True,True,
346,2,anvi79@example.org,False,0,
346,3,3895238824,False,1,
346,4,6142709483,False,False,
601,1,1661361435,True,True,
601,2,alexanderreddy@example.org,False,1,
601,3,4585549525,False,0,
979,1,7695718863,True,True,
979,2,abhimanyugarde@example.net,False,1,
979,4,8270458104,False,False,
737,1,3740387442,True,True,
737,2,dhruv46@example.org,False,1,
737,3,9675508441,False,1,
737,4,0123117068,False,False,
908,1,0172582921,True,True,
908,2,arya27@example.com,False,1,
908,4,0650652252,False,False,
930,1,4567602230,True,True,
930,2,apatla@example.org,False,0,
930,3,2077085019,False,1,
694,1,6369112098,True,True,
694,2,zilmilraghavan@example.com,False,0,
694,4,5643067177,False,False,
727,1,1427617067,True,True,
727,2,meerakota@example.com,False,0,
72,1,8145490638,True,True,
72,2,tbasu@example.net,False,1,
72,3,5297222082,False,0,
72,4,7615296761,False,False,
207,1,2100491102,True,True,
207,2,yatan42@example.net,False,0,
207,3,5562234462,False,0,
762,1,1405400086,True,True,
762,2,timothykohli@example.net,False,0,
762,3,8129551123,False,1,
632,1,3769532560,True,True,
632,2,krish68@example.net,False,1,
632,3,0797694827,False,0,
42,1,3226006800,True,True,
42,2,krishnasant@example.org,False,0,
765,1,3020502915,True,True,
765,2,gnayak@example.com,False,0,
765,4,9505836249,False,False,
861,1,9891751190,True,True,
861,2,nakul13@example.net,False,1,
861,3,2838488814,False,0,
861,4,7624018675,False,False,
806,1,8251631766,True,True,
806,2,rajeshri38@example.com,False,0,
806,3,4366729751,False,0,
213,1,5227460816,True,True,
213,2,nagartriya@example.net,False,0,
213,3,7658749779,False,1,
213,4,0691943024,False,False,
313,1,3652869136,True,True,
313,2,uwali@example.com,False,1,
313,3,2552839414,False,1,
764,1,7854182661,True,True,
764,2,njayaraman@example.org,False,1,
764,4,6157729473,False,False,
872,1,5181000110,True,True,
872,2,kamala80@example.org,False,1,
872,3,8346339725,False,1,
872,4,8315788225,False,False,
237,1,6494290723,True,True,
237,2,loyalniharika@example.org,False,0,
237,3,4407510354,False,0,
466,1,9609646149,True,True,
466,2,ynarang@example.com,False,1,
466,3,8544786070,False,0,
466,4,3160899389,False,False,
899,1,0701541279,True,True,
899,2,atharvnair@example.net,False,1,
899,3,1160831768,False,0,
802,1,3798162256,True,True,
802,2,krishhritik@example.org,False,0,
802,3,6853091464,False,1,
802,4,1118450404,False,False,
550,1,8977415019,True,True,
550,2,yogiurvi@example.net,False,0,
550,4,0764777199,False,False,
88,1,2570608606,True,True,
88,2,rudra13@example.org,False,0,
88,3,3707176509,False,0,
457,1,7067654055,True,True,
457,2,yachana43@example.com,False,0,
457,3,0255361890,False,0,
457,4,0708971601,False,False,
248,1,2581680972,True,True,
248,2,hrastogi@example.org,False,1,
248,4,7714230462,False,False,
646,1,8429680567,True,True,
646,2,krishmahajan@example.net,False,1,
761,1,4419350339,True,True,
761,2,gvarma@example.com,False,1,
701,1,0142414075,True,True,
701,2,edatta@example.org,False,0,
701,3,9021732271,False,0,
701,4,2914877647,False,False,
579,1,7686574183,True,True,
579,2,avenkatesh@example.net,False,1,
579,3,6879877242,False,1,
579,4,7031442203,False,False,
808,1,9064936689,True,True,
808,2,ganga44@example.org,False,1,
808,3,9625383185,False,0,
808,4,5596606905,False,False,
94,1,9866753874,True,True,
94,2,aryan51@example.com,False,0,
198,1,3798477326,True,True,
198,2,chakradharnigam@example.net,False,0,
198,4,2150026742,False,False,
772,1,9303168577,True,True,
772,2,srinivasancaleb@example.org,False,0,
772,3,9477246977,False,1,
772,4,0746242506,False,False,
462,1,9771051798,True,True,
462,2,dbalay@example.net,False,1,
462,3,6985047268,False,0,
495,1,0102328521,True,True,
495,2,wahabmall@example.org,False,1,
495,3,2570557284,False,0,
495,4,4187905066,False,False,
494,1,4612787536,True,True,
494,2,barmanamaira@example.com,False,1,
494,3,3902086887,False,1,
844,1,7436573524,True,True,
844,2,zashil30@example.org,False,0,
844,3,1896428076,False,1,
844,4,1031098835,False,False,
799,1,5568469845,True,True,
799,2,lilakashyap@example.org,False,0,
799,3,6859777413,False,0,
799,4,4223651937,False,False,
575,1,0974063033,True,True,
575,2,nnarayanan@example.com,False,1,
575,3,0437488882,False,0,
250,1,7414749923,True,True,
250,2,merchantbrijesh@example.net,False,1,
250,3,4685903851,False,1,
492,1,9609197816,True,True,
492,2,krishnamurthyjanuja@example.com,False,1,
492,3,6026527661,False,1,
994,1,4636857501,True,True,
994,2,cdhawan@example.org,False,0,
994,3,4540256822,False,1,
994,4,3266428362,False,False,
409,1,7547549315,True,True,
409,2,sachi13@example.net,False,0,
409,3,7336604118,False,0,
409,4,7292040118,False,False,
662,1,5630433585,True,True,
662,2,ochoudhary@example.org,False,1,
662,3,9309326458,False,1,
662,4,1081335052,False,False,
156,1,3539332906,True,True,
156,2,lalateerth@example.com,False,1,
156,4,0388992753,False,False,
774,1,9635009828,True,True,
774,2,surchakradhar@example.com,False,1,
774,3,6389631703,False,0,
774,4,5620583559,False,False,
235,1,9770939873,True,True,
235,2,glad@example.com,False,1,
873,1,4464166945,True,True,
873,2,saurora@example.com,False,1,
873,3,4083179792,False,1,
873,4,4273359380,False,False,
27,1,4982433802,True,True,
27,2,parsabarkha@example.org,False,1,
27,3,1563182190,False,1,
784,1,1362348574,True,True,
784,2,dbansal@example.com,False,1,
784,3,0391617874,False,1,
965,1,1256235893,True,True,
965,2,cprashad@example.net,False,0,
965,3,7366811696,False,0,
1,1,2934823191,True,True,
1,2,randhawaveer@example.net,False,1,
1,3,6056743991,False,1,
33,1,0383674976,True,True,
33,2,narangxavier@example.net,False,1,
33,3,7607702081,False,0,
768,1,8641821990,True,True,
768,2,sratta@example.org,False,0,
768,3,1392218971,False,1,
768,4,0213519527,False,False,
179,1,2518034648,True,True,
179,2,zwagle@example.org,False,1,
179,3,8334386548,False,1,
179,4,8738827189,False,False,
274,1,4094672832,True,True,
274,2,natarajansaksham@example.org,False,1,
274,3,6627074978,False,1,
465,1,7286629252,True,True,
465,2,dev68@example.net,False,0,
465,3,5783998020,False,1,
465,4,6729655402,False,False,
361,1,6634448447,True,True,
361,2,matthewgoda@example.org,False,0,
533,1,3228476186,True,True,
533,2,kai35@example.org,False,0,
533,3,9759662914,False,1,
834,1,2438456327,True,True,
834,2,znayak@example.net,False,0,
834,3,2206662149,False,0,
826,1,7529746899,True,True,
826,2,faris99@example.org,False,0,
826,3,8466625065,False,0,
616,1,6695440850,True,True,
616,2,upadhyaypranit@example.org,False,1,
616,3,3972969663,False,0,
616,4,2519251946,False,False,
199,1,5953019718,True,True,
199,2,odikakapoor@example.com,False,0,
199,3,2295696210,False,1,
199,4,9385164884,False,False,
603,1,3634099479,True,True,
603,2,idara@example.com,False,0,
603,4,5975785763,False,False,
901,1,2714724364,True,True,
901,2,nitarabhat@example.net,False,0,
901,3,5632406210,False,0,
901,4,6125795775,False,False,
420,1,9215718885,True,True,
420,2,cvala@example.net,False,0,
420,3,7189503042,False,0,
552,1,8462689071,True,True,
552,2,dorarachana@example.org,False,1,
552,3,6028422695,False,1,
946,1,7035055661,True,True,
946,2,ekrishnamurthy@example.net,False,0,
946,3,3407273081,False,1,
997,1,6965952588,True,True,
997,2,pantaashi@example.com,False,1,
997,3,8397957192,False,1,
997,4,1765876683,False,False,
904,1,4746086523,True,True,
904,2,shivansh86@example.com,False,1,
754,1,4940732540,True,True,
754,2,vedika77@example.net,False,0,
754,3,8446892985,False,0,
155,1,2581826348,True,True,
155,2,jagatrege@example.net,False,0,
155,4,3513541618,False,False,
296,1,7424242358,True,True,
296,2,shroffraghav@example.com,False,0,
296,4,4564235091,False,False,
944,1,3245166454,True,True,
944,2,lokenirja@example.com,False,0,
291,1,3578907943,True,True,
291,2,balasubramaniangirish@example.com,False,1,
291,3,9632793664,False,1,
291,4,2631209524,False,False,
294,1,3300400909,True,True,
294,2,kritikakrishnamurthy@example.com,False,0,
294,3,5401903292,False,0,
294,4,8366233990,False,False,
698,1,9080944402,True,True,
698,2,bkaul@example.net,False,0,
698,3,5145524968,False,0,
698,4,1898558114,False,False,
363,1,3267441868,True,True,
363,2,viswanathanazaan@example.net,False,1,
363,3,5265492549,False,0,
745,1,7419634940,True,True,
745,2,bhatnagarmanbir@example.org,False,0,
745,3,5316118371,False,0,
745,4,9332001774,False,False,
439,1,4908512217,True,True,
439,2,zdeep@example.com,False,0,
439,3,9653577405,False,1,
172,1,0156466132,True,True,
172,2,darpantaneja@example.com,False,1,
172,3,4545689904,False,0,
903,1,0038580837,True,True,
903,2,rachitachokshi@example.com,False,0,
903,3,2686957862,False,0,
559,1,4875805265,True,True,
559,2,qabilwadhwa@example.net,False,0,
559,3,3405462201,False,0,
735,1,6847474128,True,True,
735,2,srinivaschanakya@example.com,False,1,
735,3,9686652899,False,1,
731,1,5859043044,True,True,
731,2,ctank@example.net,False,1,
731,3,4872556799,False,0,
97,1,7971326605,True,True,
97,2,vincentraj@example.com,False,1,
97,3,9486694663,False,1,
413,1,9459702863,True,True,
413,2,chandanikibe@example.org,False,1,
413,3,4130140629,False,1,
413,4,5416302194,False,False,
384,1,7016655861,True,True,
384,2,blala@example.org,False,0,
384,3,4932629011,False,1,
385,1,3112200513,True,True,
385,2,yauvani78@example.com,False,1,
385,4,3677753742,False,False,
480,1,4862203593,True,True,
480,2,nsampath@example.net,False,1,
480,3,0809130165,False,1,
886,1,8675645586,True,True,
886,2,ekta74@example.org,False,0,
886,3,2384200753,False,0,
886,4,2116592506,False,False,
740,1,6920655239,True,True,
740,2,daksh15@example.com,False,0,
740,3,5157641967,False,1,
740,4,5662110968,False,False,
391,1,6989082378,True,True,
391,2,karaoeshi@example.org,False,1,
391,4,2717523398,False,False,
290,1,4248104597,True,True,
290,2,yutika64@example.com,False,0,
290,3,1228987045,False,0,
290,4,4936544309,False,False,
566,1,3769783218,True,True,
566,2,ikbalkashyap@example.com,False,1,
566,4,9799176999,False,False,
822,1,8763474504,True,True,
822,2,hredhaansaini@example.org,False,1,
822,4,5974938300,False,False,
135,1,8328796964,True,True,
135,2,timothymerchant@example.org,False,1,
135,3,9046037160,False,0,
135,4,6821546055,False,False,
472,1,0701056074,True,True,
472,2,ijaya14@example.com,False,1,
472,4,0952218636,False,False,
195,1,4635266093,True,True,
195,2,varshadhingra@example.net,False,0,
195,3,4984243919,False,0,
776,1,1718504066,True,True,
776,2,krishnaomkaar@example.net,False,0,
776,3,3770851193,False,0,
776,4,4774064553,False,False,
95,1,6571791392,True,True,
95,2,girindra48@example.org,False,1,
95,3,8627120537,False,1,
349,1,3675502462,True,True,
349,2,ukannan@example.org,False,0,
349,4,9701114000,False,False,
647,1,3744038456,True,True,
647,2,luckynigam@example.org,False,0,
647,3,9721955218,False,0,
647,4,3545825571,False,False,
856,1,9962786715,True,True,
856,2,oyadav@example.org,False,0,
856,4,7299485773,False,False,
520,1,9579972204,True,True,
520,2,vamakshi02@example.net,False,0,
520,3,1340489213,False,0,
145,1,5298743653,True,True,
145,2,qagate@example.net,False,0,
145,3,0005717424,False,1,
959,1,8870820302,True,True,
959,2,anay72@example.org,False,1,
959,3,3863390545,False,1,
686,1,9855747726,True,True,
686,2,rajanjacob@example.com,False,0,
686,3,9420501206,False,0,
686,4,9669975611,False,False,
490,1,2980850224,True,True,
490,2,dhillonojas@example.org,False,1,
490,3,3474483906,False,1,
490,4,0492872147,False,False,
340,1,5845785009,True,True,
340,2,bhavna54@example.org,False,0,
700,1,0980434809,True,True,
700,2,xavierkuruvilla@example.org,False,0,
966,1,5947182491,True,True,
966,2,abdulpal@example.com,False,0,
966,3,2386907204,False,1,
966,4,0629193967,False,False,
645,1,1327478381,True,True,
645,2,mannanisaiah@example.com,False,0,
645,3,1816291082,False,1,
645,4,2023630541,False,False,
144,1,2730874256,True,True,
144,2,ladli74@example.org,False,1,
917,1,9775191010,True,True,
917,2,isachdev@example.org,False,0,
917,3,0509564180,False,0,
917,4,1480165118,False,False,
50,1,8022259371,True,True,
50,2,badaloni@example.net,False,1,
50,4,1593416568,False,False,
746,1,2749881183,True,True,
746,2,rishi43@example.com,False,1,
746,4,6678392774,False,False,
24,1,4813752409,True,True,
24,2,libni91@example.org,False,1,
24,3,0591606604,False,1,
563,1,6699630196,True,True,
563,2,comarekalinga@example.net,False,1,
563,3,9752085781,False,1,
236,1,1742011943,True,True,
236,2,megha90@example.org,False,1,
236,3,6195765916,False,0,
643,1,6130723347,True,True,
643,2,rachit84@example.org,False,1,
314,1,7336305644,True,True,
314,2,gaurika10@example.org,False,1,
314,4,6685967142,False,False,
779,1,2556231827,True,True,
779,2,gandhiaradhana@example.com,False,0,
779,3,3948067152,False,1,
189,1,2986872101,True,True,
189,2,psant@example.net,False,1,
189,3,0111485684,False,0,
189,4,6370531735,False,False,
923,1,5271176169,True,True,
923,2,frederick76@example.net,False,0,
923,3,6747858305,False,0,
416,1,8077408450,True,True,
416,2,kohliyadavi@example.org,False,1,
416,3,4770243473,False,1,
823,1,8081824435,True,True,
823,2,dhawanmason@example.com,False,1,
823,4,7660455436,False,False,
92,1,0681608406,True,True,
92,2,somqasim@example.net,False,1,
525,1,9376456500,True,True,
525,2,ucchal74@example.net,False,0,
525,3,0690220696,False,1,
525,4,3495320295,False,False,
837,1,3878437592,True,True,
837,2,aarini76@example.net,False,1,
837,3,4202988056,False,1,
837,4,3667745394,False,False,
264,1,2187919913,True,True,
264,2,raagini00@example.org,False,0,
264,3,8414436480,False,0,
800,1,0499925802,True,True,
800,2,ochadha@example.com,False,1,
800,3,8316678777,False,0,
800,4,7694459514,False,False,
906,1,1306938379,True,True,
906,2,vdhingra@example.net,False,0,
906,3,1921012971,False,1,
906,4,5286724830,False,False,
437,1,3650238911,True,True,
437,2,ichakrabarti@example.com,False,0,
437,4,5550900119,False,False,
517,1,0708509484,True,True,
517,2,tejasmandal@example.org,False,1,
395,1,1671296253,True,True,
395,2,sekhonvritti@example.com,False,1,
395,3,8087780895,False,1,
395,4,9442040585,False,False,
568,1,9947096804,True,True,
568,2,anita24@example.net,False,1,
568,4,5481726738,False,False,
84,1,1734101141,True,True,
84,2,yuvrajbail@example.com,False,0,
84,4,4154459455,False,False,
940,1,1114642251,True,True,
940,2,venkateshveda@example.org,False,0,
119,1,7956415037,True,True,
119,2,bakhshidesai@example.com,False,1,
119,3,7900953073,False,0,
119,4,8407063060,False,False,
30,1,5666675174,True,True,
30,2,aadilad@example.net,False,0,
546,1,6321164179,True,True,
546,2,baghyawatikala@example.net,False,0,
996,1,8693727816,True,True,
996,2,apandey@example.com,False,0,
996,3,7124630713,False,1,
373,1,1929382683,True,True,
373,2,neel06@example.org,False,0,
373,3,5639998634,False,1,
373,4,9317140445,False,False,
49,1,5474669860,True,True,
49,2,lpalla@example.com,False,1,
49,3,6930895106,False,0,
49,4,9939209600,False,False,
324,1,5036199341,True,True,
324,2,vohranathan@example.com,False,0,
335,1,9004287423,True,True,
335,2,alexanderratta@example.org,False,0,
451,1,6740912872,True,True,
451,2,rbadami@example.org,False,1,
905,1,5385937603,True,True,
905,2,liam12@example.com,False,1,
905,3,9588614009,False,1,
905,4,8951497617,False,False,
60,1,5475957183,True,True,
60,2,ohanda@example.net,False,0,
60,3,9668540897,False,0,
60,4,0524936484,False,False,
122,1,7295977663,True,True,
122,2,ikeer@example.com,False,1,
122,3,1279021136,False,0,
118,1,8413473406,True,True,
118,2,urvashibanerjee@example.org,False,1,
118,4,2078230445,False,False,
388,1,6868230241,True,True,
388,2,bshankar@example.com,False,0,
388,3,5268722545,False,0,
388,4,8898391176,False,False,
583,1,8791988226,True,True,
583,2,abhandari@example.com,False,1,
583,3,2742576410,False,0,
440,1,9535923354,True,True,
440,2,unnati06@example.com,False,0,
440,3,2099549513,False,0,
440,4,5130681484,False,False,
879,1,8501265088,True,True,
879,2,wahab85@example.com,False,0,
879,4,8029502898,False,False,
191,1,2131376021,True,True,
191,2,andrewghosh@example.org,False,1,
191,3,3838610896,False,1,
191,4,5118799976,False,False,
61,1,3909673144,True,True,
61,2,abha65@example.org,False,0,
61,3,1301425420,False,0,
61,4,3914662912,False,False,
659,1,3591409027,True,True,
659,2,lmani@example.net,False,0,
659,3,9102825200,False,1,
718,1,1045603805,True,True,
718,2,lakshhari@example.org,False,1,
718,3,2555209643,False,1,
428,1,4678431879,True,True,
428,2,nagarrachit@example.org,False,0,
428,4,9772496154,False,False,
476,1,5843076469,True,True,
476,2,famble@example.org,False,1,
476,4,5191235480,False,False,
368,1,0270950717,True,True,
368,2,ekarajchaudhari@example.org,False,0,
368,3,4310936122,False,0,
368,4,7657916283,False,False,
26,1,8894080410,True,True,
26,2,nitaradewan@example.net,False,0,
26,3,0189439136,False,0,
26,4,0837889531,False,False,
689,1,6154822757,True,True,
689,2,yashasvi62@example.net,False,0,
689,3,2089334139,False,1,
531,1,0701564294,True,True,
531,2,omya29@example.com,False,0,
531,3,4165886290,False,0,
531,4,9985040052,False,False,
286,1,1105267615,True,True,
286,2,gsule@example.org,False,0,
286,3,6548124173,False,0,
641,1,6071989116,True,True,
641,2,zayyan00@example.org,False,1,
641,3,4198992642,False,0,
759,1,8025134637,True,True,
759,2,qasimdora@example.net,False,0,
759,3,9335953388,False,0,
759,4,8541951439,False,False,
62,1,1302976922,True,True,
62,2,vamakshi44@example.com,False,1,
62,3,1000047670,False,1,
758,1,9014076656,True,True,
758,2,aadimallick@example.net,False,1,
758,3,3497560521,False,0,
354,1,9749489083,True,True,
354,2,ikshitaedwin@example.org,False,1,
354,3,7426860801,False,1,
354,4,8404920068,False,False,
961,1,8057475722,True,True,
961,2,matthewchokshi@example.com,False,1,
961,4,8292159094,False,False,
104,1,4785205070,True,True,
104,2,gauravsarkar@example.com,False,0,
104,3,9896989868,False,1,
104,4,0531360689,False,False,
836,1,6070521205,True,True,
836,2,kallamadhavi@example.net,False,1,
836,3,7448867127,False,0,
836,4,6434819896,False,False,
651,1,8786595743,True,True,
651,2,vedika97@example.net,False,0,
651,3,8834110746,False,0,
278,1,0620176561,True,True,
278,2,liamramakrishnan@example.net,False,1,
278,3,3123941562,False,0,
132,1,1488832581,True,True,
132,2,janani99@example.org,False,1,
132,3,0290293785,False,0,
748,1,4869956903,True,True,
748,2,ganesanosha@example.com,False,0,
748,3,6464024778,False,0,
748,4,0246738665,False,False,
292,1,6736392926,True,True,
292,2,ranaojas@example.org,False,1,
292,3,6172278229,False,0,
502,1,6343695129,True,True,
502,2,thakeramruta@example.org,False,1,
502,3,3711617273,False,0,
317,1,7595471006,True,True,
317,2,idash@example.org,False,0,
317,3,6661164454,False,1,
567,1,7103916114,True,True,
567,2,swali@example.net,False,0,
931,1,4500316519,True,True,
931,2,bhatirya@example.com,False,1,
572,1,8713258124,True,True,
572,2,radhakrishnananamika@example.net,False,1,
572,3,2530435107,False,0,
713,1,9005404514,True,True,
713,2,ekaul@example.net,False,0,
713,4,9931041330,False,False,
36,1,2530194524,True,True,
36,2,nwarrior@example.com,False,0,
36,3,8673851356,False,1,
279,1,0715913158,True,True,
279,2,dugarbhavika@example.org,False,0,
279,3,1023029548,False,1,
622,1,4912750837,True,True,
622,2,aashiuppal@example.org,False,0,
683,1,7374043780,True,True,
683,2,nathanielkhatri@example.org,False,1,
683,3,2522975431,False,0,
683,4,4443580081,False,False,
66,1,0712593348,True,True,
66,2,sanghafrederick@example.com,False,0,
66,3,7700243229,False,0,
988,1,7388606579,True,True,
988,2,aarushkarnik@example.com,False,1,
988,3,5312708461,False,1,
843,1,5935220145,True,True,
843,2,oviya52@example.com,False,1,
843,3,6996048146,False,0,
722,1,0746863492,True,True,
722,2,balanhiral@example.net,False,1,
722,3,9170396694,False,1,
190,1,2519136564,True,True,
190,2,abhimanyu75@example.net,False,0,
190,3,9439184002,False,0,
190,4,0152533950,False,False,
338,1,5896935081,True,True,
338,2,raghav82@example.net,False,1,
338,3,6999758481,False,0,
338,4,3065835195,False,False,
109,1,5909144586,True,True,
109,2,dararadhana@example.com,False,1,
109,3,1090414672,False,0,
985,1,1132403673,True,True,
985,2,harshil47@example.org,False,1,
985,3,9186675275,False,0,
280,1,7142350626,True,True,
280,2,leenamitra@example.org,False,0,
280,3,5853479837,False,1,
751,1,6971693606,True,True,
751,2,waidaswamy@example.com,False,1,
751,3,2849389438,False,0,
217,1,9546739979,True,True,
217,2,nagiwilliam@example.net,False,1,
217,4,3543719968,False,False,
180,1,1808791929,True,True,
180,2,dhruv26@example.com,False,0,
180,3,5887768078,False,1,
180,4,4008888047,False,False,
149,1,9116472692,True,True,
149,2,eta03@example.org,False,0,
149,3,3946620184,False,1,
489,1,9340600996,True,True,
489,2,sehgalhemangini@example.org,False,0,
489,4,1378487800,False,False,
21,1,6603290352,True,True,
21,2,irya10@example.org,False,1,
21,3,9173241853,False,1,
21,4,9935981184,False,False,
977,1,0332736683,True,True,
977,2,forum36@example.net,False,0,
977,3,9127760236,False,0,
977,4,5327208829,False,False,
427,1,3670931811,True,True,
427,2,sgoda@example.com,False,0,
427,3,6401256826,False,1,
427,4,3511012463,False,False,
658,1,7637587149,True,True,
658,2,yashasvikalla@example.com,False,0,
658,3,9098382928,False,1,
64,1,8364443982,True,True,
64,2,edhitha53@example.com,False,1,
64,3,8996779559,False,0,
64,4,1247559044,False,False,
353,1,4660358881,True,True,
353,2,ibassi@example.com,False,1,
353,3,2996099789,False,0,
38,1,5816358891,True,True,
38,2,gkhanna@example.org,False,0,
38,3,3787978708,False,0,
161,1,8566160685,True,True,
161,2,hmall@example.net,False,0,
161,3,4083367384,False,0,
161,4,0677027978,False,False,
958,1,5232364395,True,True,
958,2,mannezarna@example.com,False,1,
958,3,5054081263,False,1,
660,1,0229381359,True,True,
660,2,wahab81@example.net,False,0,
660,3,9087890302,False,1,
676,1,9153607962,True,True,
676,2,libni67@example.net,False,0,
676,3,5326239856,False,1,
993,1,2071518922,True,True,
993,2,bchaudry@example.org,False,1,
993,3,8782764245,False,1,
993,4,1143373988,False,False,
631,1,8564340967,True,True,
631,2,lpau@example.org,False,1,
631,3,3754316649,False,0,
405,1,8346375831,True,True,
405,2,yadaviandra@example.com,False,1,
405,3,1685953292,False,1,
405,4,3852203933,False,False,
443,1,5211462936,True,True,
443,2,saipanchal@example.com,False,1,
443,3,5904565755,False,1,
975,1,0844471061,True,True,
975,2,watikadara@example.com,False,1,
975,3,2041244863,False,1,
305,1,4175247272,True,True,
305,2,zchandra@example.com,False,0,
305,3,0407931624,False,1,
663,1,9752154795,True,True,
663,2,wborah@example.com,False,1,
663,4,4060552571,False,False,
596,1,5708368734,True,True,
596,2,xshanker@example.com,False,1,
596,3,5559203848,False,0,
347,1,5193047612,True,True,
347,2,keyarao@example.com,False,0,
347,4,7922446691,False,False,
673,1,6204476717,True,True,
673,2,geratimothy@example.com,False,1,
878,1,0969489111,True,True,
878,2,hsahota@example.net,False,0,
878,3,9016784551,False,1,
318,1,9945417931,True,True,
318,2,hviswanathan@example.com,False,0,
318,3,2755053508,False,0,
809,1,1973681058,True,True,
809,2,taraikbal@example.com,False,1,
138,1,5466268458,True,True,
138,2,loyalvarsha@example.com,False,1,
138,3,3483700544,False,1,
216,1,5522889336,True,True,
216,2,nandini70@example.org,False,0,
216,3,7748221611,False,1,
216,4,1363946604,False,False,
301,1,8919959002,True,True,
301,2,dyalyoshita@example.org,False,0,
301,4,3069892383,False,False,
178,1,2602100530,True,True,
178,2,sde@example.org,False,0,
178,4,9859308626,False,False,
493,1,1418583789,True,True,
493,2,ypuri@example.org,False,0,
493,3,9300576056,False,1,
644,1,2889731858,True,True,
644,2,pushtiparikh@example.com,False,1,
739,1,5948927151,True,True,
739,2,joshiyagnesh@example.org,False,0,
739,3,1817152992,False,0,
739,4,9347995752,False,False,
894,1,7647793650,True,True,
894,2,barkha05@example.net,False,1,
260,1,2978252676,True,True,
260,2,zbehl@example.net,False,1,
260,3,6509941073,False,0,
260,4,7503821885,False,False,
753,1,2619931104,True,True,
753,2,vartyguneet@example.org,False,1,
949,1,8579817688,True,True,
949,2,chadhaamrita@example.org,False,0,
741,1,3663254898,True,True,
741,2,parmarfalak@example.net,False,0,
741,3,8487372824,False,1,
798,1,1685781821,True,True,
798,2,kashishhans@example.com,False,1,
798,3,5228084800,False,0,
498,1,2988201291,True,True,
498,2,sampathchristopher@example.net,False,1,
498,3,6497345391,False,1,
797,1,4121935474,True,True,
797,2,sachdevekbal@example.com,False,0,
797,4,9477992019,False,False,
456,1,7067397606,True,True,
456,2,divandhriti@example.net,False,1,
456,3,2330539638,False,0,
456,4,0918932697,False,False,
624,1,0839562777,True,True,
624,2,kaularya@example.org,False,0,
624,3,6978002559,False,0,
202,1,3616864593,True,True,
202,2,indali66@example.org,False,1,
202,3,4934284011,False,1,
387,1,8555269428,True,True,
387,2,dugarekapad@example.net,False,1,
925,1,8849944971,True,True,
925,2,mugdha88@example.net,False,0,
925,3,9343427788,False,1,
925,4,8641887557,False,False,
840,1,1248482491,True,True,
840,2,fvora@example.com,False,1,
593,1,9049948609,True,True,
593,2,sekhonchanchal@example.org,False,0,
593,3,4541192539,False,1,
593,4,4041495725,False,False,
871,1,6489666533,True,True,
871,2,damyantirajagopal@example.net,False,1,
210,1,8661743755,True,True,
210,2,rajagopalansudiksha@example.org,False,1,
210,3,7523182421,False,0,
927,1,0412045552,True,True,
927,2,meghana07@example.org,False,1,
927,4,4493041018,False,False,
230,1,9069845884,True,True,
230,2,prisha39@example.org,False,1,
230,3,7166848431,False,1,
47,1,9321657914,True,True,
47,2,kantaishani@example.com,False,0,
47,3,1472663271,False,1,
47,4,1488447938,False,False,
521,1,9794134579,True,True,
521,2,singhnitara@example.com,False,0,
521,3,7712382891,False,0,
507,1,4350074775,True,True,
507,2,arjun75@example.net,False,1,
505,1,8906378393,True,True,
505,2,aarna16@example.com,False,0,
505,3,1191242490,False,0,
505,4,0775531899,False,False,
330,1,5643200945,True,True,
330,2,sai49@example.org,False,1,
330,3,4821394105,False,1,
302,1,3789365338,True,True,
302,2,agastyabatra@example.net,False,1,
127,1,1513658958,True,True,
127,2,vihaanbhat@example.org,False,0,
127,3,9178737767,False,1,
127,4,2581084902,False,False,
411,1,1159850132,True,True,
411,2,annechasmum@example.org,False,0,
411,3,5520042392,False,0,
941,1,3211967089,True,True,
941,2,arya32@example.net,False,1,
941,3,5224113115,False,1,
355,1,0473414124,True,True,
355,2,jagatdalal@example.org,False,1,
355,3,4259417890,False,1,
80,1,2266069772,True,True,
80,2,purilajita@example.net,False,0,
80,3,3535769612,False,0,
621,1,5794513614,True,True,
621,2,inarayanan@example.com,False,1,
621,3,9133656922,False,0,
815,1,1202374723,True,True,
815,2,adityareddy@example.com,False,0,
815,4,4136523299,False,False,
648,1,7090070748,True,True,
648,2,borahbhanumati@example.org,False,0,
648,3,9744323659,False,1,
648,4,0573626538,False,False,
788,1,7274267398,True,True,
788,2,karnisha@example.net,False,1,
733,1,1285040919,True,True,
733,2,keerkevin@example.org,False,0,
733,3,8493773873,False,0,
911,1,3353547269,True,True,
911,2,esharma@example.org,False,0,
911,4,6596564597,False,False,
716,1,2722039171,True,True,
716,2,tatadhruv@example.org,False,0,
716,3,2850349396,False,1,
600,1,7709272951,True,True,
600,2,raaginitata@example.com,False,1,
600,3,0225797745,False,1,
18,1,6048036093,True,True,
18,2,kvarkey@example.net,False,0,
18,4,5738809616,False,False,
852,1,5335435038,True,True,
852,2,ckata@example.net,False,0,
852,3,1340676728,False,1,
991,1,2845282501,True,True,
991,2,harishgrewal@example.org,False,0,
991,3,7435210545,False,0,
529,1,4867133767,True,True,
529,2,msharaf@example.net,False,1,
529,3,1733818922,False,1,
723,1,6047849703,True,True,
723,2,zayandivan@example.com,False,0,
723,3,0026119861,False,0,
723,4,4255436501,False,False,
577,1,4582457554,True,True,
577,2,nimrat80@example.com,False,1,
577,3,5624776328,False,1,
281,1,8549975231,True,True,
281,2,hardikoommen@example.net,False,1,
281,3,8087005148,False,1,
281,4,3816435513,False,False,
810,1,0661529478,True,True,
810,2,rachit19@example.org,False,1,
810,3,5553252137,False,0,
639,1,3359688728,True,True,
639,2,duttadvay@example.com,False,0,
639,3,5807109706,False,1,
639,4,8398760483,False,False,
446,1,9515283872,True,True,
446,2,wbose@example.net,False,0,
446,4,4914855258,False,False,
406,1,7955355027,True,True,
406,2,pseth@example.net,False,0,
406,3,7722768612,False,0,
136,1,3326361268,True,True,
136,2,warinder92@example.net,False,0,
136,4,5406155456,False,False,
512,1,6677031586,True,True,
512,2,falansodhi@example.net,False,1,
512,3,0650545171,False,0,
512,4,6442613072,False,False,
276,1,2373515466,True,True,
276,2,flata@example.net,False,0,
276,3,8721213429,False,1,
276,4,9326803144,False,False,
523,1,3303997169,True,True,
523,2,gayathrivirk@example.org,False,0,
827,1,6297722592,True,True,
827,2,amol88@example.org,False,0,
827,3,5047097770,False,0,
827,4,8741675037,False,False,
478,1,1421890786,True,True,
478,2,mallickmanya@example.net,False,1,
478,3,7264849131,False,0,
478,4,4255432105,False,False,
389,1,4334485058,True,True,
389,2,fsastry@example.com,False,1,
389,3,2784801366,False,0,
611,1,9136746684,True,True,
611,2,saanvibrar@example.com,False,0,
611,4,8718395214,False,False,
370,1,7963697354,True,True,
370,2,krishpradhan@example.com,False,1,
370,3,4437950313,False,0,
51,1,1763482352,True,True,
51,2,waida94@example.net,False,0,
674,1,0959674389,True,True,
674,2,falguni59@example.org,False,0,
674,3,3531547359,False,1,
916,1,0244233065,True,True,
916,2,chandrehaan@example.org,False,1,
916,3,6521777615,False,0,
796,1,9469779555,True,True,
796,2,raksha27@example.com,False,0,
796,3,0580073026,False,0,
796,4,0938010539,False,False,
678,1,1421826236,True,True,
678,2,maxdubey@example.org,False,1,
309,1,7343434718,True,True,
309,2,ggrover@example.com,False,0,
309,3,0151955202,False,0,
814,1,3862405359,True,True,
814,2,darshthaker@example.com,False,0,
814,3,8224785457,False,1,
504,1,6227581100,True,True,
504,2,inazareth@example.org,False,1,
504,3,2500309740,False,1,
789,1,7926938485,True,True,
789,2,chaayachar@example.net,False,1,
34,1,6678268143,True,True,
34,2,karpeati@example.org,False,1,
34,4,1718935517,False,False,
369,1,6704937672,True,True,
369,2,azadbhagat@example.net,False,1,
369,3,2496835185,False,1,
251,1,6598126272,True,True,
251,2,daksha50@example.org,False,0,
251,3,4916750057,False,1,
251,4,6828366544,False,False,
193,1,4433272098,True,True,
193,2,maharajtanmayi@example.net,False,1,
193,3,6675913922,False,0,
193,4,1809163137,False,False,
375,1,4365092162,True,True,
375,2,psachdeva@example.org,False,1,
375,3,5809164354,False,1,
747,1,4040067239,True,True,
747,2,tarabhattacharyya@example.com,False,0,
747,3,2462023134,False,0,
530,1,2435490324,True,True,
530,2,hemanginiprabhu@example.net,False,1,
293,1,4116862479,True,True,
293,2,npillay@example.com,False,0,
293,3,3413576860,False,0,
730,1,9409950111,True,True,
730,2,zansiwable@example.org,False,0,
730,4,2267152703,False,False,
706,1,5229631929,True,True,
706,2,pdash@example.net,False,1,
570,1,9157973428,True,True,
570,2,agastya21@example.com,False,1,
570,3,3118103951,False,1,
851,1,5851578312,True,True,
851,2,vidhibhatnagar@example.org,False,1,
851,3,7973886541,False,0,
183,1,7681815898,True,True,
183,2,dhruv82@example.net,False,0,
183,3,0672676724,False,0,
183,4,3266243322,False,False,
544,1,5852646003,True,True,
544,2,advaithgala@example.net,False,1,
544,3,5172342155,False,0,
544,4,5792138994,False,False,
766,1,2500327908,True,True,
766,2,ayushmansampath@example.org,False,1,
766,3,1979356587,False,1,
766,4,6090843090,False,False,
275,1,4306131689,True,True,
275,2,gilltanvi@example.com,False,1,
275,3,7269525908,False,1,
275,4,7513771761,False,False,
516,1,9522370913,True,True,
516,2,nbhasin@example.com,False,0,
516,3,8756839799,False,1,
587,1,7343921311,True,True,
587,2,esem@example.net,False,0,
587,3,8197547768,False,0,
842,1,1992007913,True,True,
842,2,sekhonyochana@example.com,False,1,
842,3,7503456173,False,0,
842,4,2947623709,False,False,
249,1,2261835093,True,True,
249,2,ytata@example.org,False,0,
249,3,0836465498,False,1,
249,4,7056638050,False,False,
877,1,8641052268,True,True,
877,2,doctorindali@example.com,False,0,
877,3,8388400243,False,1,
877,4,8689888960,False,False,
67,1,9615874205,True,True,
67,2,bhavikakar@example.net,False,0,
67,3,0127500461,False,1,
752,1,1041199307,True,True,
752,2,rattirayaan@example.net,False,0,
928,1,9471764125,True,True,
928,2,jatin24@example.net,False,1,
928,3,6165107469,False,0,
999,1,6203449642,True,True,
999,2,nchaudhry@example.com,False,0,
999,4,0408778987,False,False,
17,1,8281509007,True,True,
17,2,dhawansiddharth@example.com,False,1,
17,4,5540230944,False,False,
424,1,8303594980,True,True,
424,2,yashodadutt@example.net,False,0,
424,3,2569958629,False,0,
424,4,6906490802,False,False,
19,1,1335708979,True,True,
19,2,balanchaman@example.com,False,1,
19,3,9722929449,False,0,
19,4,9728085963,False,False,
599,1,8297378544,True,True,
599,2,manbir38@example.net,False,0,
599,3,3726999818,False,0,
599,4,2768180901,False,False,
787,1,2665509057,True,True,
787,2,ishani24@example.com,False,1,
787,3,6014309281,False,1,
308,1,7653098177,True,True,
308,2,xpatla@example.net,False,0,
308,3,6809197725,False,0,
308,4,7580175443,False,False,
782,1,6330025561,True,True,
782,2,tanvichandran@example.com,False,1,
831,1,3348108387,True,True,
831,2,xalakbandi@example.net,False,0,
831,3,9452944609,False,1,
831,4,9052924664,False,False,
945,1,2076646027,True,True,
945,2,oakpranit@example.org,False,0,
262,1,1648634743,True,True,
262,2,gangamerchant@example.org,False,0,
262,3,1847599882,False,1,
511,1,3431453724,True,True,
511,2,timothy89@example.org,False,0,
535,1,6814822856,True,True,
535,2,januja74@example.net,False,1,
535,4,3419397240,False,False,
736,1,4652662075,True,True,
736,2,tailorzilmil@example.net,False,1,
736,3,4637313752,False,1,
736,4,8644318670,False,False,
471,1,8509788693,True,True,
471,2,priya21@example.com,False,0,
471,3,0920831332,False,0,
471,4,3398514433,False,False,
205,1,3622581570,True,True,
205,2,buchyutika@example.org,False,1,
205,3,6408071852,False,1,
849,1,0572166549,True,True,
849,2,lsubramaniam@example.org,False,0,
849,4,6939555114,False,False,
159,1,9518515540,True,True,
159,2,wishibrahmbhatt@example.com,False,1,
159,3,0400415999,False,1,
707,1,9149772709,True,True,
707,2,ranbir51@example.net,False,0,
707,3,7454348211,False,0,
418,1,4000938596,True,True,
418,2,yasti58@example.net,False,1,
418,3,0827271997,False,0,
642,1,0514739306,True,True,
642,2,ekiya83@example.com,False,0,
656,1,5831383318,True,True,
656,2,bakhshimallick@example.net,False,1,
656,3,7781447505,False,1,
656,4,1682975141,False,False,
615,1,4549143761,True,True,
615,2,qdubey@example.com,False,1,
615,3,7427075404,False,0,
893,1,4689429181,True,True,
893,2,fsarna@example.net,False,0,
323,1,0143708486,True,True,
323,2,theodorenair@example.net,False,0,
323,3,7457762762,False,0,
785,1,8078583831,True,True,
785,2,wakeeta96@example.net,False,0,
785,3,6176252141,False,0,
785,4,4921894178,False,False,
143,1,0976832155,True,True,
143,2,mekhala33@example.org,False,1,
143,3,1576695855,False,0,
367,1,0163759217,True,True,
367,2,bawazayyan@example.org,False,0,
367,4,0013061435,False,False,
364,1,8706956819,True,True,
364,2,ymall@example.com,False,1,
364,3,7361914388,False,0,
364,4,0745773353,False,False,
970,1,0530135788,True,True,
970,2,parmerfalan@example.com,False,1,
970,3,4849599972,False,0,
970,4,9931970028,False,False,
717,1,2469182869,True,True,
717,2,lila80@example.net,False,0,
717,4,4368786096,False,False,
665,1,9604888667,True,True,
665,2,asrinivas@example.org,False,1,
246,1,1844010742,True,True,
246,2,unnatibhargava@example.org,False,0,
246,3,0648211997,False,0,
432,1,3397876936,True,True,
432,2,prabhushivani@example.org,False,1,
399,1,0283101349,True,True,
399,2,bsharaf@example.com,False,0,
399,3,3522689030,False,0,
254,1,5957486222,True,True,
254,2,caleb94@example.com,False,1,
254,3,9287550937,False,0,
948,1,0859623229,True,True,
948,2,onveerkashyap@example.net,False,0,
948,3,6879405236,False,1,
691,1,4008330948,True,True,
691,2,bhavinikarnik@example.org,False,1,
691,3,0770189622,False,1,
691,4,5689203561,False,False,
284,1,2823727065,True,True,
284,2,kbalasubramanian@example.net,False,0,
545,1,3680841783,True,True,
545,2,labanrama@example.net,False,1,
545,3,1518742424,False,0,
636,1,8044892893,True,True,
636,2,nidra16@example.com,False,0,
636,3,2632668502,False,0,
102,1,5898306427,True,True,
102,2,cbalan@example.net,False,0,
102,3,0196834191,False,1,
102,4,7548392614,False,False,
201,1,0237112683,True,True,
201,2,jagdish28@example.com,False,1,
201,3,5371349184,False,1,
581,1,7959960524,True,True,
581,2,salvieiravati@example.com,False,0,
760,1,0722661752,True,True,
760,2,lsheth@example.com,False,1,
760,3,1686256165,False,1,
760,4,1473771621,False,False,
123,1,3806500538,True,True,
123,2,gayathri74@example.net,False,1,
123,3,4090684982,False,0,
257,1,2456595552,True,True,
257,2,bimala89@example.net,False,1,
257,3,9939670606,False,0,
860,1,2220470164,True,True,
860,2,leelapanchal@example.net,False,1,
860,3,9808136823,False,0,
860,4,2249520288,False,False,
277,1,9243177290,True,True,
277,2,adeshpande@example.net,False,1,
277,3,7797422374,False,0,
277,4,6175264022,False,False,
390,1,8466334161,True,True,
390,2,iwable@example.com,False,1,
390,3,7541625043,False,1,
853,1,4965326132,True,True,
853,2,yuvraj50@example.net,False,0,
853,3,8220854234,False,0,
853,4,7756612013,False,False,
452,1,6836635960,True,True,
452,2,darsh49@example.net,False,0,
452,3,9007068934,False,1,
452,4,8564323001,False,False,
726,1,8256957497,True,True,
726,2,jonathanchander@example.org,False,1,
726,4,9508752457,False,False,
267,1,7925191008,True,True,
267,2,radhika55@example.com,False,1,
267,4,7938153006,False,False,
11,1,0857701478,True,True,
11,2,gandhifrederick@example.com,False,1,
11,3,5348756720,False,0,
11,4,8379688525,False,False,
848,1,5831637492,True,True,
848,2,virajshere@example.com,False,0,
848,3,9719428652,False,0,
848,4,8078036067,False,False,
756,1,8834381449,True,True,
756,2,varmaoliver@example.net,False,1,
311,1,0349136340,True,True,
311,2,chandani26@example.org,False,0,
311,4,9582517514,False,False,
509,1,7301862162,True,True,
509,2,wraj@example.com,False,1,
509,4,9715876963,False,False,
479,1,6569752241,True,True,
479,2,skhanna@example.com,False,0,
479,3,9925708211,False,0,
725,1,7612339977,True,True,
725,2,zbhatia@example.org,False,1,
725,3,2600982885,False,1,
725,4,6507608130,False,False,
791,1,5213424265,True,True,
791,2,hemang90@example.com,False,0,
791,3,1224883942,False,0,
791,4,0773797962,False,False,
640,1,8789677777,True,True,
640,2,iyengarjagat@example.net,False,1,
640,3,8870862955,False,1,
640,4,8995414020,False,False,
247,1,7332666665,True,True,
247,2,bpalla@example.com,False,1,
247,3,9999334263,False,1,
247,4,0356627734,False,False,
244,1,4862276641,True,True,
244,2,neel54@example.com,False,1,
244,3,4580004945,False,0,
527,1,7506490826,True,True,
527,2,kotharijeevika@example.org,False,1,
527,4,6655113130,False,False,
325,1,2631610323,True,True,
325,2,riaradhakrishnan@example.org,False,0,
325,3,7347535654,False,1,
325,4,2831338621,False,False,
483,1,2504647751,True,True,
483,2,diyachakraborty@example.com,False,1,
483,4,4047896024,False,False,
898,1,8050071124,True,True,
898,2,ikshitakaul@example.net,False,0,
898,3,4117589933,False,0,
197,1,4157005635,True,True,
197,2,yamini93@example.net,False,0,
197,4,0938455913,False,False,
543,1,6989434071,True,True,
543,2,panininaidu@example.net,False,0,
543,3,4671485023,False,0,
720,1,3968711432,True,True,
720,2,faras92@example.com,False,0,
720,3,5999631852,False,0,
918,1,6214351556,True,True,
918,2,sarnazehaan@example.net,False,0,
918,3,5661759027,False,1,
366,1,8778012252,True,True,
366,2,xborra@example.com,False,1,
366,3,3251589455,False,1,
359,1,7599041304,True,True,
359,2,kmukherjee@example.net,False,1,
359,3,3128594921,False,0,
359,4,7215977401,False,False,
252,1,5293393206,True,True,
252,2,dkrish@example.org,False,1,
847,1,0822373654,True,True,
847,2,irya72@example.org,False,0,
847,3,5066754606,False,1,
847,4,1194650057,False,False,
225,1,8685521382,True,True,
225,2,mitalibose@example.net,False,1,
803,1,7029313499,True,True,
803,2,tpingle@example.net,False,1,
15,1,7851389976,True,True,
15,2,aryangrewal@example.net,False,1,
15,3,0043338025,False,0,
15,4,5800788136,False,False,
482,1,2071288846,True,True,
482,2,isengupta@example.net,False,0,
482,3,9771793414,False,0,
869,1,3443254946,True,True,
869,2,fariq38@example.com,False,0,
869,3,7933727631,False,1,
329,1,8561419001,True,True,
329,2,pinglekashvi@example.com,False,1,
365,1,2833693697,True,True,
365,2,elijahkrishnan@example.org,False,1,
365,3,9441546079,False,0,
365,4,7410155140,False,False,
171,1,6854074173,True,True,
171,2,gabaishita@example.net,False,1,
171,3,0736643857,False,1,
233,1,9044338667,True,True,
233,2,chandavi@example.com,False,0,
233,3,3716613231,False,1,
571,1,3834061111,True,True,
571,2,harishkannan@example.org,False,0,
571,3,5302187278,False,1,
571,4,1916249108,False,False,
107,1,6898104995,True,True,
107,2,mmadan@example.org,False,1,
107,3,1643457737,False,0,
107,4,9358336496,False,False,
55,1,9351068974,True,True,
55,2,rajagopalekiya@example.org,False,0,
339,1,3103892826,True,True,
339,2,amruta26@example.net,False,0,
339,3,9070410944,False,0,
909,1,2295043543,True,True,
909,2,hemangchahal@example.net,False,1,
909,3,6570408934,False,1,
73,1,2709614844,True,True,
73,2,dde@example.com,False,1,
73,3,7575392732,False,1,
93,1,7660275901,True,True,
93,2,gaurika39@example.org,False,0,
93,3,2635216602,False,1,
661,1,3937220988,True,True,
661,2,madhavi98@example.org,False,0,
661,3,9739415789,False,0,
401,1,5141982334,True,True,
401,2,upasnaranganathan@example.org,False,1,
401,3,7798394421,False,1,
933,1,1921814986,True,True,
933,2,reddyprisha@example.com,False,0,
450,1,0498052758,True,True,
450,2,ethansachdev@example.net,False,1,
450,3,4486537356,False,1,
833,1,0082151799,True,True,
833,2,gokhaledalbir@example.org,False,0,
48,1,5749000313,True,True,
48,2,mekhala48@example.net,False,1,
4,1,1753522744,True,True,
4,2,ijayashan@example.com,False,1,
4,3,5771174582,False,1,
129,1,0402914558,True,True,
129,2,rsandhu@example.org,False,0,
129,3,2449588842,False,1,
90,1,9666911601,True,True,
90,2,falan17@example.org,False,1,
90,3,2982973739,False,0,
90,4,4561167714,False,False,
715,1,8486753461,True,True,
715,2,dsolanki@example.net,False,1,
715,3,4489576390,False,0,
715,4,7968791720,False,False,
481,1,1329366714,True,True,
481,2,owenmallick@example.net,False,1,
481,3,4723714397,False,0,
454,1,4369278889,True,True,
454,2,vrinda58@example.net,False,1,
454,4,9575254700,False,False,
44,1,9262471801,True,True,
44,2,rajagopalkrishna@example.com,False,0,
44,3,8924129081,False,0,
734,1,4152804197,True,True,
734,2,dugarpranit@example.com,False,1,
734,3,3974369042,False,0,
734,4,5031057470,False,False,
633,1,1215817342,True,True,
633,2,rudrachada@example.net,False,0,
633,3,1486001050,False,1,
486,1,6589514008,True,True,
486,2,kamala90@example.com,False,0,
486,3,3871489181,False,1,
510,1,3750739609,True,True,
510,2,rupadhyay@example.net,False,1,
510,3,1845819751,False,1,
510,4,6916795284,False,False,
835,1,1561446312,True,True,
835,2,golawridesh@example.net,False,1,
835,3,4314897838,False,1,
835,4,8925982937,False,False,
303,1,6752361875,True,True,
303,2,nandavarsha@example.org,False,1,
303,3,2625643639,False,0,
541,1,1820284305,True,True,
541,2,manya56@example.com,False,0,
541,3,0437080727,False,0,
315,1,3842665905,True,True,
315,2,azad69@example.com,False,0,
315,3,6948470271,False,0,
989,1,9128607173,True,True,
989,2,ekapad58@example.com,False,1,
337,1,5795852089,True,True,
337,2,rattihritik@example.net,False,0,
337,3,5053917168,False,1,
337,4,7661265768,False,False,
131,1,2610688939,True,True,
131,2,srinivasbina@example.org,False,1,
131,3,6109115666,False,1,
376,1,8576935140,True,True,
376,2,xavierbal@example.org,False,1,
376,3,1915844821,False,1,
881,1,3648786456,True,True,
881,2,sarthak93@example.com,False,1,
881,3,2893080920,False,0,
881,4,8899573896,False,False,
627,1,3682896956,True,True,
627,2,desaitanvi@example.net,False,1,
627,3,0247820835,False,1,
358,1,1803039190,True,True,
358,2,harishchaudhry@example.com,False,0,
358,3,5831813587,False,1,
358,4,3699182294,False,False,
196,1,7107303690,True,True,
196,2,xjohal@example.net,False,1,
196,3,2572109681,False,1,
196,4,0558608402,False,False,
556,1,1167903277,True,True,
556,2,agatejeet@example.com,False,0,
556,3,0082219877,False,0,
556,4,5248006156,False,False,
942,1,6769365195,True,True,
942,2,warhi55@example.com,False,0,
942,3,1618013860,False,1,
942,4,8611919810,False,False,
