slug,employment_id,reason_type,resignation_date,reason_details,exit_interview_notes,is_rehire_eligible
res-emp000007,7,3,2026-06-24,Reason 3,Generated demo data,False
res-emp000019,19,3,2022-01-27,Reason 3,Generated demo data,False
res-emp000023,23,99,2022-11-03,Reason 99,Generated demo data,False
res-emp000034,34,1,2023-12-02,Reason 1,Generated demo data,False
res-emp000037,37,5,2025-08-25,Reason 5,Generated demo data,False
res-emp000038,38,5,2020-06-25,Reason 5,Generated demo data,False
res-emp000043,43,7,2026-01-02,Reason 7,Generated demo data,False
res-emp000046,46,3,2017-04-28,Reason 3,Generated demo data,True
res-emp000064,64,2,2026-05-25,Reason 2,Generated demo data,True
res-emp000066,66,7,2023-09-06,Reason 7,Generated demo data,False
res-emp000069,69,7,2023-10-29,Reason 7,Generated demo data,True
res-emp000087,87,3,2023-07-05,Reason 3,Generated demo data,False
res-emp000095,95,6,2026-08-10,Reason 6,Generated demo data,False
res-emp000103,103,6,2026-04-15,Reason 6,Generated demo data,False
res-emp000104,104,2,2018-12-06,Reason 2,Generated demo data,False
res-emp000115,115,7,2019-08-16,Reason 7,Generated demo data,False
res-emp000141,141,99,2024-12-25,Reason 99,Generated demo data,False
res-emp000157,157,99,2025-07-12,Reason 99,Generated demo data,True
res-emp000161,161,4,2024-05-29,Reason 4,Generated demo data,True
res-emp000169,169,5,2023-08-05,Reason 5,Generated demo data,False
res-emp000185,185,4,2023-11-24,Reason 4,Generated demo data,True
res-emp000189,189,5,2023-05-28,Reason 5,Generated demo data,False
res-emp000207,207,2,2023-10-25,Reason 2,Generated demo data,True
res-emp000212,212,99,2024-12-02,Reason 99,Generated demo data,True
res-emp000225,225,6,2025-06-17,Reason 6,Generated demo data,True
res-emp000227,227,6,2020-12-15,Reason 6,Generated demo data,True
res-emp000235,235,4,2023-08-11,Reason 4,Generated demo data,True
res-emp000242,242,5,2025-04-30,Reason 5,Generated demo data,True
res-emp000249,249,2,2026-01-21,Reason 2,Generated demo data,True
res-emp000251,251,5,2025-04-13,Reason 5,Generated demo data,False
res-emp000256,256,1,2021-07-21,Reason 1,Generated demo data,False
res-emp000261,261,6,2022-06-25,Reason 6,Generated demo data,False
res-emp000267,267,3,2022-03-07,Reason 3,Generated demo data,True
res-emp000269,269,1,2024-09-04,Reason 1,Generated demo data,True
res-emp000292,292,99,2019-04-24,Reason 99,Generated demo data,False
res-emp000297,297,1,2023-11-01,Reason 1,Generated demo data,True
res-emp000302,302,6,2024-04-09,Reason 6,Generated demo data,False
res-emp000327,327,6,2021-05-21,Reason 6,Generated demo data,False
res-emp000329,329,2,2024-03-05,Reason 2,Generated demo data,False
res-emp000330,330,1,2026-05-20,Reason 1,Generated demo data,False
res-emp000339,339,3,2025-06-10,Reason 3,Generated demo data,True
res-emp000342,342,6,2018-04-07,Reason 6,Generated demo data,False
res-emp000343,343,1,2024-01-05,Reason 1,Generated demo data,True
res-emp000361,361,3,2018-05-18,Reason 3,Generated demo data,True
res-emp000371,371,2,2020-09-08,Reason 2,Generated demo data,True
res-emp000376,376,1,2022-07-26,Reason 1,Generated demo data,True
res-emp000378,378,1,2024-06-07,Reason 1,Generated demo data,False
res-emp000388,388,3,2023-07-30,Reason 3,Generated demo data,True
res-emp000395,395,7,2019-07-01,Reason 7,Generated demo data,True
res-emp000417,417,6,2025-09-27,Reason 6,Generated demo data,True
res-emp000422,422,2,2021-02-09,Reason 2,Generated demo data,True
res-emp000425,425,4,2023-10-31,Reason 4,Generated demo data,False
res-emp000437,437,3,2021-08-25,Reason 3,Generated demo data,True
res-emp000443,443,99,2019-12-28,Reason 99,Generated demo data,True
res-emp000459,459,4,2024-04-08,Reason 4,Generated demo data,False
res-emp000471,471,4,2017-08-05,Reason 4,Generated demo data,False
res-emp000479,479,3,2018-12-30,Reason 3,Generated demo data,True
res-emp000490,490,6,2025-12-18,Reason 6,Generated demo data,False
res-emp000496,496,2,2019-03-20,Reason 2,Generated demo data,True
res-emp000498,498,6,2023-01-29,Reason 6,Generated demo data,True
res-emp000506,506,5,2020-08-30,Reason 5,Generated demo data,True
res-emp000511,511,5,2025-06-15,Reason 5,Generated demo data,True
res-emp000512,512,2,2022-09-03,Reason 2,Generated demo data,True
res-emp000513,513,2,2020-04-27,Reason 2,Generated demo data,True
res-emp000519,519,2,2018-10-26,Reason 2,Generated demo data,True
res-emp000523,523,3,2018-04-10,Reason 3,Generated demo data,False
res-emp000526,526,2,2023-05-14,Reason 2,Generated demo data,False
res-emp000531,531,5,2021-06-24,Reason 5,Generated demo data,True
res-emp000532,532,5,2026-07-15,Reason 5,Generated demo data,True
res-emp000541,541,6,2023-12-25,Reason 6,Generated demo data,False
res-emp000542,542,2,2023-12-08,Reason 2,Generated demo data,False
res-emp000550,550,4,2024-01-02,Reason 4,Generated demo data,False
res-emp000556,556,7,2023-08-24,Reason 7,Generated demo data,True
res-emp000559,559,3,2026-02-07,Reason 3,Generated demo data,False
res-emp000572,572,5,2017-08-24,Reason 5,Generated demo data,True
res-emp000579,579,5,2022-02-02,Reason 5,Generated demo data,False
res-emp000585,585,2,2018-01-17,Reason 2,Generated demo data,False
res-emp000594,594,3,2021-11-26,Reason 3,Generated demo data,True
res-emp000603,603,6,2021-10-21,Reason 6,Generated demo data,True
res-emp000604,604,1,2026-03-03,Reason 1,Generated demo data,True
res-emp000618,618,7,2020-09-12,Reason 7,Generated demo data,False
res-emp000621,621,4,2026-04-09,Reason 4,Generated demo data,False
res-emp000633,633,99,2024-05-27,Reason 99,Generated demo data,False
res-emp000639,639,3,2019-02-25,Reason 3,Generated demo data,False
res-emp000644,644,4,2017-01-08,Reason 4,Generated demo data,True
res-emp000657,657,3,2025-04-07,Reason 3,Generated demo data,False
res-emp000697,697,6,2020-04-08,Reason 6,Generated demo data,True
res-emp000706,706,99,2023-08-26,Reason 99,Generated demo data,True
res-emp000709,709,4,2025-10-18,Reason 4,Generated demo data,True
res-emp000714,714,7,2020-10-01,Reason 7,Generated demo data,True
res-emp000717,717,6,2026-02-15,Reason 6,Generated demo data,True
res-emp000725,725,99,2026-04-21,Reason 99,Generated demo data,True
res-emp000727,727,1,2025-04-15,Reason 1,Generated demo data,False
res-emp000732,732,7,2021-07-31,Reason 7,Generated demo data,False
res-emp000742,742,7,2023-02-03,Reason 7,Generated demo data,False
res-emp000750,750,6,2017-09-20,Reason 6,Generated demo data,False
res-emp000758,758,6,2021-02-17,Reason 6,Generated demo data,True
res-emp000767,767,6,2019-12-17,Reason 6,Generated demo data,False
res-emp000770,770,99,2026-09-27,Reason 99,Generated demo data,False
res-emp000772,772,3,2025-07-03,Reason 3,Generated demo data,False
res-emp000773,773,6,2025-12-28,Reason 6,Generated demo data,True
res-emp000780,780,99,2020-07-05,Reason 99,Generated demo data,True
res-emp000782,782,5,2019-12-24,Reason 5,Generated demo data,False
res-emp000824,824,99,2019-07-25,Reason 99,Generated demo data,False
res-emp000826,826,3,2025-07-27,Reason 3,Generated demo data,True
res-emp000828,828,4,2021-02-03,Reason 4,Generated demo data,True
res-emp000830,830,2,2024-05-23,Reason 2,Generated demo data,True
res-emp000842,842,7,2025-12-28,Reason 7,Generated demo data,False
res-emp000844,844,99,2025-01-02,Reason 99,Generated demo data,True
res-emp000848,848,6,2020-03-24,Reason 6,Generated demo data,False
res-emp000869,869,5,2018-03-24,Reason 5,Generated demo data,False
res-emp000871,871,7,2018-10-03,Reason 7,Generated demo data,True
res-emp000883,883,5,2019-12-08,Reason 5,Generated demo data,False
res-emp000889,889,4,2026-09-06,Reason 4,Generated demo data,True
res-emp000893,893,4,2023-03-15,Reason 4,Generated demo data,False
res-emp000899,899,4,2020-06-09,Reason 4,Generated demo data,False
res-emp000903,903,2,2021-04-17,Reason 2,Generated demo data,False
res-emp000919,919,2,2018-11-04,Reason 2,Generated demo data,False
res-emp000928,928,5,2019-09-06,Reason 5,Generated demo data,False
res-emp000936,936,1,2026-05-23,Reason 1,Generated demo data,True
res-emp000940,940,4,2020-10-21,Reason 4,Generated demo data,True
res-emp000949,949,6,2020-04-28,Reason 6,Generated demo data,False
res-emp000976,976,6,2022-01-13,Reason 6,Generated demo data,True
res-emp000977,977,1,2018-02-23,Reason 1,Generated demo data,True
res-emp000992,992,7,2026-01-30,Reason 7,Generated demo data,True
