school_id,board_id,registration_number,affiliation_number,registration_date,remarks
1,1,REG-SCH001,AFF-SCH001,2024-04-01,
26,1,REG-SCH002,AFF-SCH002,2024-04-01,
27,1,REG-SCH003,AFF-SCH003,2024-04-01,
28,1,REG-SCH004,AFF-SCH004,2024-04-01,
29,1,REG-SCH005,AFF-SCH005,2024-04-01,
30,1,REG-SCH006,AFF-SCH006,2024-04-01,
31,1,REG-SCH007,AFF-SCH007,2024-04-01,
32,1,REG-SCH008,AFF-SCH008,2024-04-01,
33,1,REG-SCH009,AFF-SCH009,2024-04-01,
34,1,REG-SCH010,AFF-SCH010,2024-04-01,
35,1,REG-SCH011,AFF-SCH011,2024-04-01,
36,1,REG-SCH012,AFF-SCH012,2024-04-01,
37,1,REG-SCH013,AFF-SCH013,2024-04-01,
38,1,REG-SCH014,AFF-SCH014,2024-04-01,
39,1,REG-SCH015,AFF-SCH015,2024-04-01,
40,1,REG-SCH016,AFF-SCH016,2024-04-01,
41,1,REG-SCH017,AFF-SCH017,2024-04-01,
42,1,REG-SCH018,AFF-SCH018,2024-04-01,
43,1,REG-SCH019,AFF-SCH019,2024-04-01,
44,1,REG-SCH020,AFF-SCH020,2024-04-01,
45,2,REG-SCH021,AFF-SCH021,2024-04-01,
46,2,REG-SCH022,AFF-SCH022,2024-04-01,
47,5,REG-SCH023,AFF-SCH023,2024-04-01,
48,5,REG-SCH024,AFF-SCH024,2024-04-01,
49,6,REG-SCH025,AFF-SCH025,2024-04-01,
