slug,code,name,description
sub001,SUB001,English,English Language
sub002,SUB002,Hindi,Hindi Language
sub003,SUB003,Sanskrit,Sanskrit Language
sub004,SUB004,French,French Language
sub005,SUB005,German,German Language
sub006,SUB006,Mathematics,Mathematics
sub007,SUB007,Applied Mathematics,Applied Mathematics
sub008,SUB008,Science,General Science
sub009,SUB009,Physics,Physics
sub010,SUB010,Chemistry,Chemistry
sub011,SUB011,Biology,Biology
sub012,SUB012,Environmental Studies,EVS
sub013,SUB013,Social Science,Social Science
sub014,SUB014,History,History
sub015,SUB015,Geography,Geography
sub016,SUB016,Political Science,Political Science
sub017,SUB017,Economics,Economics
sub018,SUB018,Commerce,Commerce
sub019,SUB019,Accountancy,Accountancy
sub020,SUB020,Business Studies,Business Studies
sub021,SUB021,Computer Science,Computer Science
sub022,SUB022,Information Technology,Information Technology
sub023,SUB023,Artificial Intelligence,Artificial Intelligence
sub024,SUB024,Data Science,Data Science
sub025,SUB025,Physical Education,Physical Education
sub026,SUB026,Health Education,Health Education
sub027,SUB027,Art Education,Art Education
sub028,SUB028,Drawing,Drawing
sub029,SUB029,Painting,Painting
sub030,SUB030,Music,Music
sub031,SUB031,Dance,Dance
sub032,SUB032,Drama,Drama
sub033,SUB033,Psychology,Psychology
sub034,SUB034,Sociology,Sociology
sub035,SUB035,Philosophy,Philosophy
sub036,SUB036,Legal Studies,Legal Studies
sub037,SUB037,Entrepreneurship,Entrepreneurship
sub038,SUB038,Agriculture,Agriculture
sub039,SUB039,Home Science,Home Science
sub040,SUB040,Robotics,Robotics
sub041,SUB041,Coding,Coding
sub042,SUB042,General Knowledge,General Knowledge
sub043,SUB043,Moral Education,Moral Education
sub044,SUB044,Library Science,Library Science
sub045,SUB045,Work Education,Work Education
sub046,SUB046,Yoga,Yoga
sub047,SUB047,NCC,National Cadet Corps
sub048,SUB048,Scouts and Guides,Scouts and Guides
sub049,SUB049,Life Skills,Life Skills
sub050,SUB050,Communication Skills,Communication Skills
