slug,employment_id,subject_id,is_primary,remarks
ts-1-14,1,14,True,
ts-3-35,3,35,True,
ts-3-45,3,45,False,
ts-3-33,3,33,False,
ts-5-38,5,38,True,
ts-5-30,5,30,False,
ts-6-35,6,35,True,
ts-9-20,9,20,True,
ts-9-40,9,40,False,
ts-9-31,9,31,False,
ts-12-39,12,39,True,
ts-12-12,12,12,False,
ts-12-10,12,10,False,
ts-13-38,13,38,True,
ts-13-5,13,5,False,
ts-15-12,15,12,True,
ts-16-8,16,8,True,
ts-22-22,22,22,True,
ts-22-1,22,1,False,
ts-22-19,22,19,False,
ts-23-40,23,40,True,
ts-23-6,23,6,False,
ts-23-5,23,5,False,
ts-24-16,24,16,True,
ts-25-1,25,1,True,
ts-25-40,25,40,False,
ts-25-32,25,32,False,
ts-26-39,26,39,True,
ts-26-46,26,46,False,
ts-27-40,27,40,True,
ts-28-22,28,22,True,
ts-28-9,28,9,False,
ts-30-46,30,46,True,
ts-30-38,30,38,False,
ts-30-30,30,30,False,
ts-32-35,32,35,True,
ts-32-27,32,27,False,
ts-33-47,33,47,True,
ts-33-46,33,46,False,
ts-34-11,34,11,True,
ts-34-50,34,50,False,
ts-34-41,34,41,False,
ts-35-47,35,47,True,
ts-39-21,39,21,True,
ts-39-39,39,39,False,
ts-39-5,39,5,False,
ts-40-21,40,21,True,
ts-40-12,40,12,False,
ts-41-13,41,13,True,
ts-41-10,41,10,False,
ts-41-11,41,11,False,
ts-42-16,42,16,True,
ts-42-40,42,40,False,
ts-43-48,43,48,True,
ts-43-27,43,27,False,
ts-43-29,43,29,False,
ts-44-4,44,4,True,
ts-44-11,44,11,False,
ts-44-2,44,2,False,
ts-46-6,46,6,True,
ts-46-32,46,32,False,
ts-50-10,50,10,True,
ts-50-40,50,40,False,
ts-51-14,51,14,True,
ts-51-2,51,2,False,
ts-51-50,51,50,False,
ts-54-16,54,16,True,
ts-55-40,55,40,True,
ts-55-47,55,47,False,
ts-55-38,55,38,False,
ts-56-43,56,43,True,
ts-56-48,56,48,False,
ts-58-38,58,38,True,
ts-58-7,58,7,False,
ts-60-22,60,22,True,
ts-60-49,60,49,False,
ts-62-45,62,45,True,
ts-64-26,64,26,True,
ts-64-49,64,49,False,
ts-64-21,64,21,False,
ts-65-11,65,11,True,
ts-66-15,66,15,True,
ts-67-1,67,1,True,
ts-67-19,67,19,False,
ts-69-18,69,18,True,
ts-69-20,69,20,False,
ts-69-8,69,8,False,
ts-72-36,72,36,True,
ts-72-50,72,50,False,
ts-72-45,72,45,False,
ts-78-49,78,49,True,
ts-79-43,79,43,True,
ts-79-1,79,1,False,
ts-84-8,84,8,True,
ts-84-19,84,19,False,
ts-85-36,85,36,True,
ts-88-30,88,30,True,
ts-88-41,88,41,False,
ts-89-41,89,41,True,
ts-91-14,91,14,True,
ts-91-28,91,28,False,
ts-91-43,91,43,False,
ts-94-1,94,1,True,
ts-96-36,96,36,True,
ts-97-50,97,50,True,
ts-97-7,97,7,False,
ts-97-41,97,41,False,
ts-98-35,98,35,True,
ts-98-19,98,19,False,
ts-98-9,98,9,False,
ts-99-14,99,14,True,
ts-99-10,99,10,False,
ts-102-24,102,24,True,
ts-102-39,102,39,False,
ts-102-13,102,13,False,
ts-106-10,106,10,True,
ts-107-3,107,3,True,
ts-107-36,107,36,False,
ts-108-41,108,41,True,
ts-108-35,108,35,False,
ts-108-24,108,24,False,
ts-109-20,109,20,True,
ts-109-6,109,6,False,
ts-109-33,109,33,False,
ts-113-23,113,23,True,
ts-119-18,119,18,True,
ts-119-21,119,21,False,
ts-119-40,119,40,False,
ts-121-41,121,41,True,
ts-121-24,121,24,False,
ts-125-12,125,12,True,
ts-127-47,127,47,True,
ts-127-26,127,26,False,
ts-128-24,128,24,True,
ts-128-35,128,35,False,
ts-128-48,128,48,False,
ts-129-34,129,34,True,
ts-129-9,129,9,False,
ts-131-44,131,44,True,
ts-131-26,131,26,False,
ts-131-37,131,37,False,
ts-132-14,132,14,True,
ts-132-17,132,17,False,
ts-132-31,132,31,False,
ts-136-25,136,25,True,
ts-139-25,139,25,True,
ts-139-24,139,24,False,
ts-141-25,141,25,True,
ts-141-35,141,35,False,
ts-142-27,142,27,True,
ts-142-7,142,7,False,
ts-142-29,142,29,False,
ts-144-26,144,26,True,
ts-144-35,144,35,False,
ts-148-41,148,41,True,
ts-148-43,148,43,False,
ts-151-13,151,13,True,
ts-151-27,151,27,False,
ts-152-2,152,2,True,
ts-152-30,152,30,False,
ts-152-15,152,15,False,
ts-153-17,153,17,True,
ts-153-12,153,12,False,
ts-154-17,154,17,True,
ts-154-41,154,41,False,
ts-154-39,154,39,False,
ts-155-38,155,38,True,
ts-155-25,155,25,False,
ts-155-5,155,5,False,
ts-156-47,156,47,True,
ts-156-13,156,13,False,
ts-156-43,156,43,False,
ts-157-18,157,18,True,
ts-158-1,158,1,True,
ts-159-25,159,25,True,
ts-159-23,159,23,False,
ts-163-20,163,20,True,
ts-163-31,163,31,False,
ts-163-18,163,18,False,
ts-165-17,165,17,True,
ts-166-27,166,27,True,
ts-166-42,166,42,False,
ts-169-45,169,45,True,
ts-169-20,169,20,False,
ts-169-6,169,6,False,
ts-171-41,171,41,True,
ts-173-42,173,42,True,
ts-173-6,173,6,False,
ts-175-25,175,25,True,
ts-175-6,175,6,False,
ts-175-36,175,36,False,
ts-178-35,178,35,True,
ts-178-33,178,33,False,
ts-178-22,178,22,False,
ts-179-6,179,6,True,
ts-179-11,179,11,False,
ts-180-35,180,35,True,
ts-180-50,180,50,False,
ts-181-27,181,27,True,
ts-181-32,181,32,False,
ts-182-12,182,12,True,
ts-182-5,182,5,False,
ts-183-10,183,10,True,
ts-183-42,183,42,False,
ts-183-31,183,31,False,
ts-185-46,185,46,True,
ts-185-40,185,40,False,
ts-185-15,185,15,False,
ts-187-39,187,39,True,
ts-187-18,187,18,False,
ts-189-16,189,16,True,
ts-189-35,189,35,False,
ts-189-40,189,40,False,
ts-191-20,191,20,True,
ts-196-20,196,20,True,
ts-196-36,196,36,False,
ts-200-18,200,18,True,
ts-200-16,200,16,False,
ts-200-8,200,8,False,
ts-203-16,203,16,True,
ts-203-32,203,32,False,
ts-206-22,206,22,True,
ts-206-41,206,41,False,
ts-206-44,206,44,False,
ts-213-13,213,13,True,
ts-213-21,213,21,False,
ts-215-23,215,23,True,
ts-216-19,216,19,True,
ts-219-34,219,34,True,
ts-219-44,219,44,False,
ts-219-14,219,14,False,
ts-220-16,220,16,True,
ts-220-39,220,39,False,
ts-222-26,222,26,True,
ts-222-36,222,36,False,
ts-222-15,222,15,False,
ts-223-4,223,4,True,
ts-223-2,223,2,False,
ts-224-42,224,42,True,
ts-224-7,224,7,False,
ts-224-12,224,12,False,
ts-225-24,225,24,True,
ts-225-44,225,44,False,
ts-228-15,228,15,True,
ts-228-8,228,8,False,
ts-231-27,231,27,True,
ts-231-16,231,16,False,
ts-233-38,233,38,True,
ts-233-16,233,16,False,
ts-234-6,234,6,True,
ts-234-26,234,26,False,
ts-234-28,234,28,False,
ts-236-15,236,15,True,
ts-238-43,238,43,True,
ts-238-32,238,32,False,
ts-239-7,239,7,True,
ts-239-48,239,48,False,
ts-239-3,239,3,False,
ts-240-5,240,5,True,
ts-247-3,247,3,True,
ts-247-32,247,32,False,
ts-251-2,251,2,True,
ts-251-29,251,29,False,
ts-253-14,253,14,True,
ts-253-3,253,3,False,
ts-253-6,253,6,False,
ts-255-6,255,6,True,
ts-255-50,255,50,False,
ts-257-22,257,22,True,
ts-257-7,257,7,False,
ts-261-37,261,37,True,
ts-263-12,263,12,True,
ts-263-2,263,2,False,
ts-264-27,264,27,True,
ts-264-28,264,28,False,
ts-266-35,266,35,True,
ts-266-23,266,23,False,
ts-266-15,266,15,False,
ts-267-19,267,19,True,
ts-267-2,267,2,False,
ts-267-7,267,7,False,
ts-269-47,269,47,True,
ts-269-42,269,42,False,
ts-271-1,271,1,True,
ts-271-10,271,10,False,
ts-272-4,272,4,True,
ts-272-24,272,24,False,
ts-273-39,273,39,True,
ts-273-13,273,13,False,
ts-273-40,273,40,False,
ts-274-21,274,21,True,
ts-274-7,274,7,False,
ts-274-6,274,6,False,
ts-275-12,275,12,True,
ts-275-14,275,14,False,
ts-276-19,276,19,True,
ts-277-10,277,10,True,
ts-277-3,277,3,False,
ts-278-24,278,24,True,
ts-278-2,278,2,False,
ts-278-16,278,16,False,
ts-279-3,279,3,True,
ts-281-29,281,29,True,
ts-281-3,281,3,False,
ts-284-6,284,6,True,
ts-284-9,284,9,False,
ts-284-32,284,32,False,
ts-285-13,285,13,True,
ts-285-19,285,19,False,
ts-285-22,285,22,False,
ts-286-5,286,5,True,
ts-286-12,286,12,False,
ts-287-18,287,18,True,
ts-287-48,287,48,False,
ts-287-28,287,28,False,
ts-288-5,288,5,True,
ts-288-41,288,41,False,
ts-288-16,288,16,False,
ts-289-37,289,37,True,
ts-289-24,289,24,False,
ts-291-1,291,1,True,
ts-291-2,291,2,False,
ts-292-42,292,42,True,
ts-292-45,292,45,False,
ts-293-27,293,27,True,
ts-294-13,294,13,True,
ts-295-48,295,48,True,
ts-298-28,298,28,True,
ts-298-38,298,38,False,
ts-298-8,298,8,False,
ts-301-16,301,16,True,
ts-301-32,301,32,False,
ts-301-34,301,34,False,
ts-303-12,303,12,True,
ts-304-28,304,28,True,
ts-304-4,304,4,False,
ts-304-14,304,14,False,
ts-305-50,305,50,True,
ts-305-36,305,36,False,
ts-305-20,305,20,False,
ts-306-40,306,40,True,
ts-306-6,306,6,False,
ts-307-46,307,46,True,
ts-309-27,309,27,True,
ts-311-33,311,33,True,
ts-311-31,311,31,False,
ts-313-4,313,4,True,
ts-313-36,313,36,False,
ts-315-14,315,14,True,
ts-315-50,315,50,False,
ts-315-46,315,46,False,
ts-316-22,316,22,True,
ts-317-40,317,40,True,
ts-317-31,317,31,False,
ts-317-48,317,48,False,
ts-322-43,322,43,True,
ts-323-35,323,35,True,
ts-327-22,327,22,True,
ts-327-6,327,6,False,
ts-327-39,327,39,False,
ts-328-5,328,5,True,
ts-328-6,328,6,False,
ts-329-21,329,21,True,
ts-329-15,329,15,False,
ts-329-31,329,31,False,
ts-330-43,330,43,True,
ts-330-45,330,45,False,
ts-331-49,331,49,True,
ts-331-25,331,25,False,
ts-331-10,331,10,False,
ts-336-36,336,36,True,
ts-340-15,340,15,True,
ts-340-29,340,29,False,
ts-341-13,341,13,True,
ts-342-30,342,30,True,
ts-342-31,342,31,False,
ts-342-40,342,40,False,
ts-343-35,343,35,True,
ts-345-41,345,41,True,
ts-345-25,345,25,False,
ts-345-27,345,27,False,
ts-347-27,347,27,True,
ts-347-43,347,43,False,
ts-347-33,347,33,False,
ts-349-34,349,34,True,
ts-349-17,349,17,False,
ts-351-3,351,3,True,
ts-351-12,351,12,False,
ts-358-11,358,11,True,
ts-358-30,358,30,False,
ts-358-47,358,47,False,
ts-360-4,360,4,True,
ts-360-48,360,48,False,
ts-362-12,362,12,True,
ts-362-24,362,24,False,
ts-363-12,363,12,True,
ts-363-18,363,18,False,
ts-363-22,363,22,False,
ts-364-31,364,31,True,
ts-364-6,364,6,False,
ts-367-13,367,13,True,
ts-368-17,368,17,True,
ts-368-7,368,7,False,
ts-368-18,368,18,False,
ts-372-6,372,6,True,
ts-372-19,372,19,False,
ts-373-1,373,1,True,
ts-373-11,373,11,False,
ts-373-42,373,42,False,
ts-377-42,377,42,True,
ts-377-24,377,24,False,
ts-380-3,380,3,True,
ts-383-47,383,47,True,
ts-386-43,386,43,True,
ts-389-3,389,3,True,
ts-389-7,389,7,False,
ts-389-37,389,37,False,
ts-391-25,391,25,True,
ts-392-36,392,36,True,
ts-392-31,392,31,False,
ts-392-49,392,49,False,
ts-395-15,395,15,True,
ts-395-1,395,1,False,
ts-396-49,396,49,True,
ts-398-20,398,20,True,
ts-398-49,398,49,False,
ts-398-43,398,43,False,
ts-400-44,400,44,True,
ts-400-49,400,49,False,
ts-400-40,400,40,False,
ts-402-10,402,10,True,
ts-402-31,402,31,False,
ts-402-15,402,15,False,
ts-404-8,404,8,True,
ts-404-9,404,9,False,
ts-404-3,404,3,False,
ts-405-40,405,40,True,
ts-405-24,405,24,False,
ts-405-42,405,42,False,
ts-406-41,406,41,True,
ts-408-43,408,43,True,
ts-411-17,411,17,True,
ts-412-15,412,15,True,
ts-412-21,412,21,False,
ts-413-22,413,22,True,
ts-415-9,415,9,True,
ts-416-34,416,34,True,
ts-416-49,416,49,False,
ts-416-19,416,19,False,
ts-423-25,423,25,True,
ts-423-9,423,9,False,
ts-423-46,423,46,False,
ts-426-2,426,2,True,
ts-426-36,426,36,False,
ts-426-9,426,9,False,
ts-432-14,432,14,True,
ts-434-35,434,35,True,
ts-434-34,434,34,False,
ts-436-42,436,42,True,
ts-436-48,436,48,False,
ts-437-19,437,19,True,
ts-438-31,438,31,True,
ts-438-32,438,32,False,
ts-442-16,442,16,True,
ts-442-18,442,18,False,
ts-444-7,444,7,True,
ts-444-3,444,3,False,
ts-446-45,446,45,True,
ts-446-26,446,26,False,
ts-446-46,446,46,False,
ts-447-23,447,23,True,
ts-448-17,448,17,True,
ts-448-18,448,18,False,
ts-448-15,448,15,False,
ts-449-28,449,28,True,
ts-449-21,449,21,False,
ts-451-19,451,19,True,
ts-451-14,451,14,False,
ts-452-41,452,41,True,
ts-453-50,453,50,True,
ts-453-21,453,21,False,
ts-453-28,453,28,False,
ts-455-16,455,16,True,
ts-455-19,455,19,False,
ts-455-31,455,31,False,
ts-457-21,457,21,True,
ts-458-47,458,47,True,
ts-458-39,458,39,False,
ts-459-4,459,4,True,
ts-459-33,459,33,False,
ts-459-40,459,40,False,
ts-462-2,462,2,True,
ts-462-24,462,24,False,
ts-463-37,463,37,True,
ts-463-43,463,43,False,
ts-464-36,464,36,True,
ts-465-1,465,1,True,
ts-465-35,465,35,False,
ts-469-42,469,42,True,
ts-470-5,470,5,True,
ts-470-18,470,18,False,
ts-471-2,471,2,True,
ts-471-4,471,4,False,
ts-472-1,472,1,True,
ts-472-15,472,15,False,
ts-474-35,474,35,True,
ts-475-37,475,37,True,
ts-475-27,475,27,False,
ts-482-23,482,23,True,
ts-483-14,483,14,True,
ts-484-20,484,20,True,
ts-484-3,484,3,False,
ts-484-5,484,5,False,
ts-486-29,486,29,True,
ts-486-41,486,41,False,
ts-488-5,488,5,True,
ts-488-16,488,16,False,
ts-494-19,494,19,True,
ts-494-42,494,42,False,
ts-494-35,494,35,False,
ts-496-12,496,12,True,
ts-500-37,500,37,True,
ts-500-6,500,6,False,
ts-501-30,501,30,True,
ts-503-27,503,27,True,
ts-503-37,503,37,False,
ts-503-35,503,35,False,
ts-508-34,508,34,True,
ts-508-29,508,29,False,
ts-511-4,511,4,True,
ts-511-3,511,3,False,
ts-515-17,515,17,True,
ts-515-32,515,32,False,
ts-518-8,518,8,True,
ts-518-38,518,38,False,
ts-518-18,518,18,False,
ts-519-38,519,38,True,
ts-519-46,519,46,False,
ts-522-9,522,9,True,
ts-522-7,522,7,False,
ts-522-12,522,12,False,
ts-523-44,523,44,True,
ts-523-4,523,4,False,
ts-529-43,529,43,True,
ts-529-11,529,11,False,
ts-530-26,530,26,True,
ts-535-9,535,9,True,
ts-536-23,536,23,True,
ts-543-3,543,3,True,
ts-543-11,543,11,False,
ts-545-15,545,15,True,
ts-545-31,545,31,False,
ts-547-41,547,41,True,
ts-547-23,547,23,False,
ts-547-24,547,24,False,
ts-552-43,552,43,True,
ts-554-9,554,9,True,
ts-554-8,554,8,False,
ts-554-29,554,29,False,
ts-556-33,556,33,True,
ts-558-5,558,5,True,
ts-558-33,558,33,False,
ts-559-43,559,43,True,
ts-559-41,559,41,False,
ts-559-5,559,5,False,
ts-565-34,565,34,True,
ts-565-36,565,36,False,
ts-574-31,574,31,True,
ts-574-25,574,25,False,
ts-578-50,578,50,True,
ts-578-32,578,32,False,
ts-579-3,579,3,True,
ts-579-5,579,5,False,
ts-580-4,580,4,True,
ts-581-48,581,48,True,
ts-582-18,582,18,True,
ts-582-34,582,34,False,
ts-582-45,582,45,False,
ts-584-5,584,5,True,
ts-584-30,584,30,False,
ts-587-48,587,48,True,
ts-587-29,587,29,False,
ts-592-11,592,11,True,
ts-592-13,592,13,False,
ts-595-13,595,13,True,
ts-595-36,595,36,False,
ts-595-46,595,46,False,
ts-602-28,602,28,True,
ts-602-13,602,13,False,
ts-604-26,604,26,True,
ts-604-31,604,31,False,
ts-604-30,604,30,False,
ts-606-26,606,26,True,
ts-608-19,608,19,True,
ts-609-4,609,4,True,
ts-610-43,610,43,True,
ts-610-49,610,49,False,
ts-610-26,610,26,False,
ts-611-22,611,22,True,
ts-611-23,611,23,False,
ts-613-32,613,32,True,
ts-614-22,614,22,True,
ts-614-12,614,12,False,
ts-615-31,615,31,True,
ts-615-10,615,10,False,
ts-619-34,619,34,True,
ts-619-26,619,26,False,
ts-621-9,621,9,True,
ts-621-17,621,17,False,
ts-621-27,621,27,False,
ts-622-42,622,42,True,
ts-622-11,622,11,False,
ts-622-16,622,16,False,
ts-625-14,625,14,True,
ts-625-30,625,30,False,
ts-630-15,630,15,True,
ts-630-30,630,30,False,
ts-630-22,630,22,False,
ts-632-15,632,15,True,
ts-633-27,633,27,True,
ts-633-3,633,3,False,
ts-634-12,634,12,True,
ts-635-39,635,39,True,
ts-635-8,635,8,False,
ts-636-6,636,6,True,
ts-637-3,637,3,True,
ts-637-45,637,45,False,
ts-637-12,637,12,False,
ts-638-31,638,31,True,
ts-638-42,638,42,False,
ts-638-34,638,34,False,
ts-639-6,639,6,True,
ts-641-24,641,24,True,
ts-641-2,641,2,False,
ts-641-50,641,50,False,
ts-642-22,642,22,True,
ts-642-19,642,19,False,
ts-642-15,642,15,False,
ts-643-43,643,43,True,
ts-643-32,643,32,False,
ts-644-24,644,24,True,
ts-645-46,645,46,True,
ts-645-47,645,47,False,
ts-647-34,647,34,True,
ts-647-1,647,1,False,
ts-648-30,648,30,True,
ts-648-37,648,37,False,
ts-651-23,651,23,True,
ts-652-42,652,42,True,
ts-652-45,652,45,False,
ts-653-35,653,35,True,
ts-654-26,654,26,True,
ts-655-19,655,19,True,
ts-658-11,658,11,True,
ts-658-2,658,2,False,
ts-659-30,659,30,True,
ts-659-34,659,34,False,
ts-660-28,660,28,True,
ts-660-29,660,29,False,
ts-667-4,667,4,True,
ts-669-16,669,16,True,
ts-669-14,669,14,False,
ts-669-43,669,43,False,
ts-671-4,671,4,True,
ts-671-18,671,18,False,
ts-672-21,672,21,True,
ts-672-9,672,9,False,
ts-672-49,672,49,False,
ts-673-12,673,12,True,
ts-674-41,674,41,True,
ts-675-41,675,41,True,
ts-675-18,675,18,False,
ts-675-24,675,24,False,
ts-681-18,681,18,True,
ts-681-2,681,2,False,
ts-681-24,681,24,False,
ts-682-26,682,26,True,
ts-682-33,682,33,False,
ts-682-21,682,21,False,
ts-683-11,683,11,True,
ts-683-6,683,6,False,
ts-683-43,683,43,False,
ts-684-44,684,44,True,
ts-684-2,684,2,False,
ts-686-25,686,25,True,
ts-694-38,694,38,True,
ts-694-44,694,44,False,
ts-695-21,695,21,True,
ts-695-23,695,23,False,
ts-695-12,695,12,False,
ts-698-22,698,22,True,
ts-698-15,698,15,False,
ts-698-35,698,35,False,
ts-701-37,701,37,True,
ts-701-8,701,8,False,
ts-702-30,702,30,True,
ts-702-47,702,47,False,
ts-702-35,702,35,False,
ts-705-23,705,23,True,
ts-705-44,705,44,False,
ts-711-31,711,31,True,
ts-711-17,711,17,False,
ts-711-37,711,37,False,
ts-715-37,715,37,True,
ts-715-45,715,45,False,
ts-715-26,715,26,False,
ts-716-38,716,38,True,
ts-716-4,716,4,False,
ts-717-13,717,13,True,
ts-717-5,717,5,False,
ts-718-4,718,4,True,
ts-720-45,720,45,True,
ts-722-9,722,9,True,
ts-722-21,722,21,False,
ts-722-12,722,12,False,
ts-727-42,727,42,True,
ts-729-13,729,13,True,
ts-730-2,730,2,True,
ts-730-25,730,25,False,
ts-732-38,732,38,True,
ts-733-48,733,48,True,
ts-733-31,733,31,False,
ts-733-45,733,45,False,
ts-734-27,734,27,True,
ts-734-30,734,30,False,
ts-735-18,735,18,True,
ts-735-16,735,16,False,
ts-735-26,735,26,False,
ts-739-50,739,50,True,
ts-739-38,739,38,False,
ts-739-32,739,32,False,
ts-741-36,741,36,True,
ts-741-5,741,5,False,
ts-744-33,744,33,True,
ts-744-7,744,7,False,
ts-744-43,744,43,False,
ts-746-45,746,45,True,
ts-746-46,746,46,False,
ts-747-42,747,42,True,
ts-747-22,747,22,False,
ts-748-22,748,22,True,
ts-748-9,748,9,False,
ts-748-21,748,21,False,
ts-749-41,749,41,True,
ts-749-29,749,29,False,
ts-749-50,749,50,False,
ts-752-16,752,16,True,
ts-752-20,752,20,False,
ts-753-15,753,15,True,
ts-753-44,753,44,False,
ts-753-6,753,6,False,
ts-754-26,754,26,True,
ts-755-2,755,2,True,
ts-755-39,755,39,False,
ts-755-28,755,28,False,
ts-757-40,757,40,True,
ts-761-41,761,41,True,
ts-761-46,761,46,False,
ts-761-34,761,34,False,
ts-768-12,768,12,True,
ts-768-42,768,42,False,
ts-768-16,768,16,False,
ts-769-47,769,47,True,
ts-769-26,769,26,False,
ts-772-4,772,4,True,
ts-773-27,773,27,True,
ts-774-5,774,5,True,
ts-774-4,774,4,False,
ts-775-39,775,39,True,
ts-776-47,776,47,True,
ts-776-46,776,46,False,
ts-776-6,776,6,False,
ts-778-36,778,36,True,
ts-778-45,778,45,False,
ts-778-24,778,24,False,
ts-779-7,779,7,True,
ts-779-26,779,26,False,
ts-779-47,779,47,False,
ts-780-18,780,18,True,
ts-780-12,780,12,False,
ts-782-3,782,3,True,
ts-783-19,783,19,True,
ts-783-11,783,11,False,
ts-783-28,783,28,False,
ts-784-14,784,14,True,
ts-785-38,785,38,True,
ts-786-23,786,23,True,
ts-787-27,787,27,True,
ts-787-20,787,20,False,
ts-788-44,788,44,True,
ts-793-15,793,15,True,
ts-793-28,793,28,False,
ts-794-7,794,7,True,
ts-795-11,795,11,True,
ts-795-49,795,49,False,
ts-800-24,800,24,True,
ts-800-44,800,44,False,
ts-800-6,800,6,False,
ts-803-7,803,7,True,
ts-809-20,809,20,True,
ts-810-8,810,8,True,
ts-810-10,810,10,False,
ts-812-30,812,30,True,
ts-812-2,812,2,False,
ts-812-45,812,45,False,
ts-814-2,814,2,True,
ts-814-28,814,28,False,
ts-814-38,814,38,False,
ts-816-27,816,27,True,
ts-817-39,817,39,True,
ts-819-9,819,9,True,
ts-821-47,821,47,True,
ts-821-4,821,4,False,
ts-821-30,821,30,False,
ts-822-16,822,16,True,
ts-822-37,822,37,False,
ts-822-2,822,2,False,
ts-823-34,823,34,True,
ts-823-31,823,31,False,
ts-823-30,823,30,False,
ts-825-28,825,28,True,
ts-825-10,825,10,False,
ts-825-42,825,42,False,
ts-826-13,826,13,True,
ts-826-39,826,39,False,
ts-826-31,826,31,False,
ts-827-43,827,43,True,
ts-828-3,828,3,True,
ts-828-9,828,9,False,
ts-831-4,831,4,True,
ts-831-6,831,6,False,
ts-831-45,831,45,False,
ts-832-20,832,20,True,
ts-834-11,834,11,True,
ts-834-47,834,47,False,
ts-834-16,834,16,False,
ts-836-7,836,7,True,
ts-837-46,837,46,True,
ts-842-27,842,27,True,
ts-845-44,845,44,True,
ts-847-38,847,38,True,
ts-847-30,847,30,False,
ts-848-35,848,35,True,
ts-849-39,849,39,True,
ts-849-49,849,49,False,
ts-853-1,853,1,True,
ts-858-7,858,7,True,
ts-859-30,859,30,True,
ts-859-33,859,33,False,
ts-859-7,859,7,False,
ts-863-46,863,46,True,
ts-863-34,863,34,False,
ts-864-1,864,1,True,
ts-864-29,864,29,False,
ts-865-48,865,48,True,
ts-867-46,867,46,True,
ts-868-43,868,43,True,
ts-868-16,868,16,False,
ts-868-13,868,13,False,
ts-872-22,872,22,True,
ts-872-48,872,48,False,
ts-872-16,872,16,False,
ts-878-12,878,12,True,
ts-884-10,884,10,True,
ts-884-14,884,14,False,
ts-888-39,888,39,True,
ts-889-40,889,40,True,
ts-889-33,889,33,False,
ts-889-38,889,38,False,
ts-890-29,890,29,True,
ts-890-20,890,20,False,
ts-893-20,893,20,True,
ts-894-37,894,37,True,
ts-894-17,894,17,False,
ts-894-23,894,23,False,
ts-895-31,895,31,True,
ts-895-13,895,13,False,
ts-895-17,895,17,False,
ts-896-13,896,13,True,
ts-897-13,897,13,True,
ts-898-23,898,23,True,
ts-898-40,898,40,False,
ts-898-39,898,39,False,
ts-899-14,899,14,True,
ts-899-28,899,28,False,
ts-899-32,899,32,False,
ts-900-2,900,2,True,
ts-900-18,900,18,False,
ts-903-42,903,42,True,
ts-903-32,903,32,False,
ts-904-50,904,50,True,
ts-905-39,905,39,True,
ts-906-47,906,47,True,
ts-906-27,906,27,False,
ts-908-14,908,14,True,
ts-909-9,909,9,True,
ts-913-18,913,18,True,
ts-913-40,913,40,False,
ts-917-34,917,34,True,
ts-918-6,918,6,True,
ts-918-2,918,2,False,
ts-918-23,918,23,False,
ts-919-23,919,23,True,
ts-919-47,919,47,False,
ts-919-9,919,9,False,
ts-922-35,922,35,True,
ts-925-18,925,18,True,
ts-926-28,926,28,True,
ts-932-1,932,1,True,
ts-932-9,932,9,False,
ts-935-11,935,11,True,
ts-937-11,937,11,True,
ts-937-10,937,10,False,
ts-937-22,937,22,False,
ts-939-12,939,12,True,
ts-939-17,939,17,False,
ts-939-32,939,32,False,
ts-940-50,940,50,True,
ts-942-50,942,50,True,
ts-942-10,942,10,False,
ts-942-41,942,41,False,
ts-945-27,945,27,True,
ts-945-24,945,24,False,
ts-947-13,947,13,True,
ts-948-22,948,22,True,
ts-949-39,949,39,True,
ts-950-46,950,46,True,
ts-951-2,951,2,True,
ts-951-7,951,7,False,
ts-952-27,952,27,True,
ts-952-33,952,33,False,
ts-952-19,952,19,False,
ts-953-35,953,35,True,
ts-953-9,953,9,False,
ts-954-17,954,17,True,
ts-954-27,954,27,False,
ts-954-13,954,13,False,
ts-955-47,955,47,True,
ts-955-35,955,35,False,
ts-955-45,955,45,False,
ts-958-4,958,4,True,
ts-958-18,958,18,False,
ts-959-5,959,5,True,
ts-959-33,959,33,False,
ts-959-34,959,34,False,
ts-962-7,962,7,True,
ts-964-44,964,44,True,
ts-969-38,969,38,True,
ts-972-21,972,21,True,
ts-973-18,973,18,True,
ts-973-32,973,32,False,
ts-978-37,978,37,True,
ts-980-18,980,18,True,
ts-980-28,980,28,False,
ts-980-23,980,23,False,
ts-981-36,981,36,True,
ts-982-5,982,5,True,
ts-982-36,982,36,False,
ts-983-20,983,20,True,
ts-985-26,985,26,True,
ts-993-24,993,24,True,
ts-999-30,999,30,True,
